Column1;name;path;preset1;preset2;preset3;preset4;preset5;preset6;preset7;preset8;preset9;preset10;preset11;preset12;preset13;preset15;preset16;value
;1_YPOC_250_GLP_1:Pancoarse;/lighting/fixtures/1_YPOC_250_GLP_1;0.5;0.5;0.5;0.5;0.5;0.5;0.5;0.5;0.5;0.5;0.0;0.5;0.5;0.5;0.5;0.5
;1_YPOC_250_GLP_1:Tiltcoarse;/lighting/fixtures/1_YPOC_250_GLP_1;0.5;0.5;0.5;0.5;0.5;0.5;0.5;0.5;0.5;0.5;0.4860000014305115;0.5;0.5;0.5;0.5;0.5
;1_YPOC_250_GLP_1:Color1;/lighting/fixtures/1_YPOC_250_GLP_1;0.0;0.0;0.0;0.0;0.0;0.0;0.0;0.0;0.0;0.0;0.328000009059906;0.0;0.0;0.0;0.0;0.0
;1_YPOC_250_GLP_1:Gobo1;/lighting/fixtures/1_YPOC_250_GLP_1;0.0;0.0;0.0;0.0;0.0;0.0;0.0;0.0;0.0;0.0;0.0;0.0;0.0;0.0;0.0;0.0
;1_YPOC_250_GLP_1:Gobo1ind;/lighting/fixtures/1_YPOC_250_GLP_1;0.0;0.0;0.0;0.0;0.0;0.0;0.0;0.0;0.0;0.0;0.0;0.0;0.0;0.0;0.0;0.0
;1_YPOC_250_GLP_1:Prism1;/lighting/fixtures/1_YPOC_250_GLP_1;0.0;0.0;0.0;0.0;0.0;0.0;0.0;0.0;0.0;0.0;0.0;0.0;0.0;0.0;0.0;0.0
;1_YPOC_250_GLP_1:Strobe;/lighting/fixtures/1_YPOC_250_GLP_1;0.0;0.0;0.0;0.0;0.0;0.0;0.0;0.0;0.0;0.0;1.0;0.0;0.0;0.0;0.0;0.0
Dimmer1;1_YPOC_250_GLP_1:Intensity;/lighting/fixtures/1_YPOC_250_GLP_1;0.0;0.0;0.0;0.0;0.0;0.0;0.0;0.0;0.0;0.0;0.8579999804496765;0.0;0.0;0.0;0.0;0.0
;1_YPOC_250_GLP_1:Focus;/lighting/fixtures/1_YPOC_250_GLP_1;0.0;0.0;0.0;0.0;0.0;0.0;0.0;0.0;0.0;0.0;0.0;0.0;0.0;0.0;0.0;0.0
;1_YPOC_250_GLP_1:Control;/lighting/fixtures/1_YPOC_250_GLP_1;0.0;0.0;0.0;0.0;0.0;0.0;0.0;0.0;0.0;0.0;0.0;0.0;0.0;0.0;0.0;0.0
;1_YPOC_250_GLP_1:Move;/lighting/fixtures/1_YPOC_250_GLP_1;0.0;0.0;0.0;0.0;0.0;0.0;0.0;0.0;0.0;0.0;0.0;0.0;0.0;0.0;0.0;0.0
;1_YPOC_250_GLP_1:Ptfade;/lighting/fixtures/1_YPOC_250_GLP_1;0.0;0.0;0.0;0.0;0.0;0.0;0.0;0.0;0.0;0.0;0.0;0.0;0.0;0.0;0.0;0.0
;1_YPOC_250_GLP_1:Laser;/lighting/fixtures/1_YPOC_250_GLP_1;0.0;0.0;0.0;0.0;0.0;0.0;0.0;0.0;0.0;0.0;0.0;0.0;0.0;0.0;0.0;0.0
;1_YPOC_250_GLP_2:Pancoarse;/lighting/fixtures/1_YPOC_250_GLP_2;0.0;0.0;0.0;0.0;0.0;0.0;0.0;0.0;0.0;0.0;0.49399998784065247;0.0;0.0;0.0;0.0;0.0
;1_YPOC_250_GLP_2:Tiltcoarse;/lighting/fixtures/1_YPOC_250_GLP_2;0.0;0.0;0.0;0.0;0.0;0.0;0.0;0.0;0.0;0.0;0.4860000014305115;0.0;0.0;0.0;0.0;0.0
;1_YPOC_250_GLP_2:Color1;/lighting/fixtures/1_YPOC_250_GLP_2;0.0;0.0;0.0;0.0;0.0;0.0;0.0;0.0;0.0;0.0;0.328000009059906;0.0;0.0;0.0;0.0;0.0
;1_YPOC_250_GLP_2:Gobo1;/lighting/fixtures/1_YPOC_250_GLP_2;0.0;0.0;0.0;0.0;0.0;0.0;0.0;0.0;0.0;0.0;0.0;0.0;0.0;0.0;0.0;0.0
;1_YPOC_250_GLP_2:Gobo1ind;/lighting/fixtures/1_YPOC_250_GLP_2;0.0;0.0;0.0;0.0;0.0;0.0;0.0;0.0;0.0;0.0;0.0;0.0;0.0;0.0;0.0;0.0
;1_YPOC_250_GLP_2:Prism1;/lighting/fixtures/1_YPOC_250_GLP_2;0.0;0.0;0.0;0.0;0.0;0.0;0.0;0.0;0.0;0.0;0.0;0.0;0.0;0.0;0.0;0.0
;1_YPOC_250_GLP_2:Strobe;/lighting/fixtures/1_YPOC_250_GLP_2;0.0;0.0;0.0;0.0;0.0;0.0;0.0;0.0;0.0;0.0;1.0;0.0;0.0;0.0;0.0;0.0
Dimmer2;1_YPOC_250_GLP_2:Intensity;/lighting/fixtures/1_YPOC_250_GLP_2;0.0;0.0;0.0;0.0;0.0;0.0;0.0;0.0;0.0;0.0;0.8579999804496765;0.0;0.0;0.0;0.0;0.0
;1_YPOC_250_GLP_2:Focus;/lighting/fixtures/1_YPOC_250_GLP_2;0.0;0.0;0.0;0.0;0.0;0.0;0.0;0.0;0.0;0.0;0.0;0.0;0.0;0.0;0.0;0.0
;1_YPOC_250_GLP_2:Control;/lighting/fixtures/1_YPOC_250_GLP_2;0.0;0.0;0.0;0.0;0.0;0.0;0.0;0.0;0.0;0.0;0.0;0.0;0.0;0.0;0.0;0.0
;1_YPOC_250_GLP_2:Move;/lighting/fixtures/1_YPOC_250_GLP_2;0.0;0.0;0.0;0.0;0.0;0.0;0.0;0.0;0.0;0.0;0.0;0.0;0.0;0.0;0.0;0.0
;1_YPOC_250_GLP_2:Ptfade;/lighting/fixtures/1_YPOC_250_GLP_2;0.0;0.0;0.0;0.0;0.0;0.0;0.0;0.0;0.0;0.0;0.0;0.0;0.0;0.0;0.0;0.0
;1_YPOC_250_GLP_2:Laser;/lighting/fixtures/1_YPOC_250_GLP_2;0.0;0.0;0.0;0.0;0.0;0.0;0.0;0.0;0.0;0.0;0.0;0.0;0.0;0.0;0.0;0.0
Dimmer3;2_FunGeneration_LED_Pot_RGBWW_1:Dimmer;/lighting/fixtures/2_FunGeneration_LED_Pot_RGBWW_1;0.0;0.0;0.5099999904632568;0.0;0.0;0.0;0.0;1.0;0.0;0.0;0.0;0.0;0.0;0.30399999022483826;0.0;0.0
;2_FunGeneration_LED_Pot_RGBWW_1:Colorred;/lighting/fixtures/2_FunGeneration_LED_Pot_RGBWW_1;0.0;0.0;0.0;0.0;0.0;0.0;0.0;0.0;0.0;0.0;0.0;0.0;0.0;0.0;0.0;0.0
;2_FunGeneration_LED_Pot_RGBWW_1:Colorgreen;/lighting/fixtures/2_FunGeneration_LED_Pot_RGBWW_1;0.7730000019073486;0.7730000019073486;0.5709999799728394;0.5709999799728394;0.5709999799728394;0.5709999799728394;0.628000020980835;1.0;1.0;1.0;1.0;1.0;1.0;0.7730000019073486;1.0;1.0
;2_FunGeneration_LED_Pot_RGBWW_1:Colorblue;/lighting/fixtures/2_FunGeneration_LED_Pot_RGBWW_1;1.0;1.0;1.0;1.0;1.0;1.0;1.0;1.0;1.0;1.0;1.0;1.0;1.0;1.0;1.0;1.0
;2_FunGeneration_LED_Pot_RGBWW_1:Colorwhite;/lighting/fixtures/2_FunGeneration_LED_Pot_RGBWW_1;0.4410000145435333;0.4410000145435333;0.42100000381469727;0.42100000381469727;0.42100000381469727;0.42100000381469727;0.4050000011920929;0.3970000147819519;0.3970000147819519;0.3970000147819519;0.3970000147819519;0.3970000147819519;0.3970000147819519;0.4410000145435333;0.3970000147819519;0.3970000147819519
;2_FunGeneration_LED_Pot_RGBWW_1:Strobe;/lighting/fixtures/2_FunGeneration_LED_Pot_RGBWW_1;0.0;0.0;0.0;0.0;0.0;0.0;0.0;0.0;0.0;0.0;0.0;0.0;0.0;0.0;0.0;0.0
Dimmer4;3_LDDE_NanoPixSlim1200_1:Intensity;/lighting/fixtures/3_LDDE_NanoPixSlim1200_1;0.0;0.0;0.13560570776462555;0.3178028464317322;0.3178028464317322;0.3178028464317322;0.0;0.0;0.0;0.0;0.0;0.0;0.0;0.0;0.0;0.0
;3_LDDE_NanoPixSlim1200_1:Red;/lighting/fixtures/3_LDDE_NanoPixSlim1200_1;0.9903720617294312;0.9903720617294312;0.0;0.0;0.0;0.0;1.0;1.0;1.0;1.0;1.0;1.0;1.0;0.9903720617294312;1.0;1.0
;3_LDDE_NanoPixSlim1200_1:Green;/lighting/fixtures/3_LDDE_NanoPixSlim1200_1;0.9864105582237244;0.9864105582237244;0.0;0.0;0.0;0.0;0.9959999918937683;0.9959999918937683;0.9959999918937683;0.9959999918937683;0.9959999918937683;0.9959999918937683;0.9959999918937683;0.9864105582237244;0.9959999918937683;0.9959999918937683
;3_LDDE_NanoPixSlim1200_1:Blue;/lighting/fixtures/3_LDDE_NanoPixSlim1200_1;0.9903720617294312;0.9903720617294312;0.0;0.0;0.0;0.0;1.0;1.0;1.0;1.0;1.0;1.0;1.0;0.9903720617294312;1.0;1.0
;3_LDDE_NanoPixSlim1200_1:Warmwhite;/lighting/fixtures/3_LDDE_NanoPixSlim1200_1;0.0;0.0;0.0;0.0;0.0;0.0;0.0;0.0;0.0;0.0;0.0;0.0;0.0;0.0;0.0;0.0
;3_LDDE_NanoPixSlim1200_1:White;/lighting/fixtures/3_LDDE_NanoPixSlim1200_1;0.0;0.0;0.0;0.0;0.0;0.0;0.0;0.0;0.0;0.0;0.0;0.0;0.0;0.0;0.0;0.0
;3_LDDE_NanoPixSlim1200_1:Strobe;/lighting/fixtures/3_LDDE_NanoPixSlim1200_1;0.0;0.0;0.0;0.0;0.0;0.0;0.0;0.0;0.0;0.0;0.0;0.0;0.0;0.0;0.0;0.0
;4_SourceFour_LEDSeries2_5deg_Lustr_1:Red;/lighting/fixtures/4_SourceFour_LEDSeries2_5deg_Lustr_1;0.16599999368190765;0.16599999368190765;0.0;1.0;1.0;1.0;1.0;1.0;1.0;1.0;1.0;1.0;1.0;0.9903720617294312;1.0;1.0
;4_SourceFour_LEDSeries2_5deg_Lustr_1:Lime;/lighting/fixtures/4_SourceFour_LEDSeries2_5deg_Lustr_1;0.27000001072883606;0.27000001072883606;0.0;1.0;1.0;1.0;1.0;1.0;1.0;1.0;1.0;1.0;1.0;0.9903720617294312;1.0;1.0
;4_SourceFour_LEDSeries2_5deg_Lustr_1:Amber;/lighting/fixtures/4_SourceFour_LEDSeries2_5deg_Lustr_1;0.22599999606609344;0.22599999606609344;0.0;1.0;1.0;1.0;1.0;1.0;1.0;1.0;1.0;1.0;1.0;0.9903720617294312;1.0;1.0
;4_SourceFour_LEDSeries2_5deg_Lustr_1:Green;/lighting/fixtures/4_SourceFour_LEDSeries2_5deg_Lustr_1;0.375;0.375;0.0;1.0;1.0;1.0;1.0;1.0;1.0;1.0;1.0;1.0;1.0;0.9903720617294312;1.0;1.0
;4_SourceFour_LEDSeries2_5deg_Lustr_1:Cyan;/lighting/fixtures/4_SourceFour_LEDSeries2_5deg_Lustr_1;0.9903720617294312;0.9903720617294312;0.0;1.0;1.0;1.0;1.0;1.0;1.0;1.0;1.0;1.0;1.0;0.9903720617294312;1.0;1.0
;4_SourceFour_LEDSeries2_5deg_Lustr_1:Blue;/lighting/fixtures/4_SourceFour_LEDSeries2_5deg_Lustr_1;0.9903720617294312;0.9903720617294312;0.0;1.0;1.0;1.0;1.0;1.0;1.0;1.0;1.0;1.0;1.0;0.9903720617294312;1.0;1.0
;4_SourceFour_LEDSeries2_5deg_Lustr_1:Indigo;/lighting/fixtures/4_SourceFour_LEDSeries2_5deg_Lustr_1;0.9903720617294312;0.9903720617294312;0.0;1.0;1.0;1.0;1.0;1.0;1.0;1.0;1.0;1.0;1.0;0.9903720617294312;1.0;1.0
Dimmer5;4_SourceFour_LEDSeries2_5deg_Lustr_1:Intensity;/lighting/fixtures/4_SourceFour_LEDSeries2_5deg_Lustr_1;0.0;0.0;0.0;0.0;0.0;0.0;0.0;0.0;0.0;0.0;0.0;0.0;0.0;0.0;0.0;0.0
;4_SourceFour_LEDSeries2_5deg_Lustr_1:Strobe;/lighting/fixtures/4_SourceFour_LEDSeries2_5deg_Lustr_1;0.0;0.0;0.0;0.0;0.0;0.0;0.0;0.0;0.0;0.0;0.0;0.0;0.0;0.0;0.0;0.0
;4_SourceFour_LEDSeries2_5deg_Lustr_1:Fanctrl;/lighting/fixtures/4_SourceFour_LEDSeries2_5deg_Lustr_1;0.0;0.0;0.0;0.0;0.0;0.0;0.0;0.0;0.0;0.0;0.0;0.0;0.0;0.0;0.0;0.0
;4_SourceFour_LEDSeries2_5deg_Lustr_2:Red;/lighting/fixtures/4_SourceFour_LEDSeries2_5deg_Lustr_2;0.16599999368190765;0.16599999368190765;0.0;1.0;1.0;1.0;1.0;1.0;1.0;1.0;1.0;1.0;1.0;0.9903720617294312;1.0;1.0
;4_SourceFour_LEDSeries2_5deg_Lustr_2:Lime;/lighting/fixtures/4_SourceFour_LEDSeries2_5deg_Lustr_2;0.27000001072883606;0.27000001072883606;0.0;1.0;1.0;1.0;1.0;1.0;1.0;1.0;1.0;1.0;1.0;0.9903720617294312;1.0;1.0
;4_SourceFour_LEDSeries2_5deg_Lustr_2:Amber;/lighting/fixtures/4_SourceFour_LEDSeries2_5deg_Lustr_2;0.22599999606609344;0.22599999606609344;0.0;1.0;1.0;1.0;1.0;1.0;1.0;1.0;1.0;1.0;1.0;0.9903720617294312;1.0;1.0
;4_SourceFour_LEDSeries2_5deg_Lustr_2:Green;/lighting/fixtures/4_SourceFour_LEDSeries2_5deg_Lustr_2;0.375;0.375;0.0;1.0;1.0;1.0;1.0;1.0;1.0;1.0;1.0;1.0;1.0;0.9903720617294312;1.0;1.0
;4_SourceFour_LEDSeries2_5deg_Lustr_2:Cyan;/lighting/fixtures/4_SourceFour_LEDSeries2_5deg_Lustr_2;0.9903720617294312;0.9903720617294312;0.0;1.0;1.0;1.0;1.0;1.0;1.0;1.0;1.0;1.0;1.0;0.9903720617294312;1.0;1.0
;4_SourceFour_LEDSeries2_5deg_Lustr_2:Blue;/lighting/fixtures/4_SourceFour_LEDSeries2_5deg_Lustr_2;0.9903720617294312;0.9903720617294312;0.0;1.0;1.0;1.0;1.0;1.0;1.0;1.0;1.0;1.0;1.0;0.9903720617294312;1.0;1.0
;4_SourceFour_LEDSeries2_5deg_Lustr_2:Indigo;/lighting/fixtures/4_SourceFour_LEDSeries2_5deg_Lustr_2;0.9903720617294312;0.9903720617294312;0.0;1.0;1.0;1.0;1.0;1.0;1.0;1.0;1.0;1.0;1.0;0.9903720617294312;1.0;1.0
Dimmer6;4_SourceFour_LEDSeries2_5deg_Lustr_2:Intensity;/lighting/fixtures/4_SourceFour_LEDSeries2_5deg_Lustr_2;0.0;0.0;0.0;0.0;0.0;0.0;0.0;0.0;0.0;0.0;0.0;0.0;0.0;0.0;0.0;0.0
;4_SourceFour_LEDSeries2_5deg_Lustr_2:Strobe;/lighting/fixtures/4_SourceFour_LEDSeries2_5deg_Lustr_2;0.0;0.0;0.0;0.0;0.0;0.0;0.0;0.0;0.0;0.0;0.0;0.0;0.0;0.0;0.0;0.0
;4_SourceFour_LEDSeries2_5deg_Lustr_2:Fanctrl;/lighting/fixtures/4_SourceFour_LEDSeries2_5deg_Lustr_2;0.0;0.0;0.0;0.0;0.0;0.0;0.0;0.0;0.0;0.0;0.0;0.0;0.0;0.0;0.0;0.0
;4_SourceFour_LEDSeries2_5deg_Lustr_3:Red;/lighting/fixtures/4_SourceFour_LEDSeries2_5deg_Lustr_3;0.16599999368190765;0.16599999368190765;0.0;1.0;1.0;1.0;1.0;1.0;1.0;1.0;1.0;1.0;1.0;0.9903720617294312;1.0;1.0
;4_SourceFour_LEDSeries2_5deg_Lustr_3:Lime;/lighting/fixtures/4_SourceFour_LEDSeries2_5deg_Lustr_3;0.27000001072883606;0.27000001072883606;0.0;1.0;1.0;1.0;1.0;1.0;1.0;1.0;1.0;1.0;1.0;0.9903720617294312;1.0;1.0
;4_SourceFour_LEDSeries2_5deg_Lustr_3:Amber;/lighting/fixtures/4_SourceFour_LEDSeries2_5deg_Lustr_3;0.22599999606609344;0.22599999606609344;0.0;1.0;1.0;1.0;1.0;1.0;1.0;1.0;1.0;1.0;1.0;0.9903720617294312;1.0;1.0
;4_SourceFour_LEDSeries2_5deg_Lustr_3:Green;/lighting/fixtures/4_SourceFour_LEDSeries2_5deg_Lustr_3;0.375;0.375;0.0;1.0;1.0;1.0;1.0;1.0;1.0;1.0;1.0;1.0;1.0;0.9903720617294312;1.0;1.0
;4_SourceFour_LEDSeries2_5deg_Lustr_3:Cyan;/lighting/fixtures/4_SourceFour_LEDSeries2_5deg_Lustr_3;0.9903720617294312;0.9903720617294312;0.0;1.0;1.0;1.0;1.0;1.0;1.0;1.0;1.0;1.0;1.0;0.9903720617294312;1.0;1.0
;4_SourceFour_LEDSeries2_5deg_Lustr_3:Blue;/lighting/fixtures/4_SourceFour_LEDSeries2_5deg_Lustr_3;0.9903720617294312;0.9903720617294312;0.0;1.0;1.0;1.0;1.0;1.0;1.0;1.0;1.0;1.0;1.0;0.9903720617294312;1.0;1.0
;4_SourceFour_LEDSeries2_5deg_Lustr_3:Indigo;/lighting/fixtures/4_SourceFour_LEDSeries2_5deg_Lustr_3;0.9903720617294312;0.9903720617294312;0.0;1.0;1.0;1.0;1.0;1.0;1.0;1.0;1.0;1.0;1.0;0.9903720617294312;1.0;1.0
Dimmer7;4_SourceFour_LEDSeries2_5deg_Lustr_3:Intensity;/lighting/fixtures/4_SourceFour_LEDSeries2_5deg_Lustr_3;0.0;0.0;0.0;0.0;0.0;0.0;0.0;0.0;0.0;0.0;0.0;0.0;0.0;0.0;0.0;0.0
;4_SourceFour_LEDSeries2_5deg_Lustr_3:Strobe;/lighting/fixtures/4_SourceFour_LEDSeries2_5deg_Lustr_3;0.0;0.0;0.0;0.0;0.0;0.0;0.0;0.0;0.0;0.0;0.0;0.0;0.0;0.0;0.0;0.0
;4_SourceFour_LEDSeries2_5deg_Lustr_3:Fanctrl;/lighting/fixtures/4_SourceFour_LEDSeries2_5deg_Lustr_3;0.0;0.0;0.0;0.0;0.0;0.0;0.0;0.0;0.0;0.0;0.0;0.0;0.0;0.0;0.0;0.0
;4_SourceFour_LEDSeries2_5deg_Lustr_4:Red;/lighting/fixtures/4_SourceFour_LEDSeries2_5deg_Lustr_4;0.16599999368190765;0.16599999368190765;0.0;1.0;1.0;1.0;1.0;1.0;1.0;1.0;1.0;1.0;1.0;0.9903720617294312;1.0;1.0
;4_SourceFour_LEDSeries2_5deg_Lustr_4:Lime;/lighting/fixtures/4_SourceFour_LEDSeries2_5deg_Lustr_4;0.27000001072883606;0.27000001072883606;0.0;1.0;1.0;1.0;1.0;1.0;1.0;1.0;1.0;1.0;1.0;0.9903720617294312;1.0;1.0
;4_SourceFour_LEDSeries2_5deg_Lustr_4:Amber;/lighting/fixtures/4_SourceFour_LEDSeries2_5deg_Lustr_4;0.22599999606609344;0.22599999606609344;0.0;1.0;1.0;1.0;1.0;1.0;1.0;1.0;1.0;1.0;1.0;0.9903720617294312;1.0;1.0
;4_SourceFour_LEDSeries2_5deg_Lustr_4:Green;/lighting/fixtures/4_SourceFour_LEDSeries2_5deg_Lustr_4;0.375;0.375;0.0;1.0;1.0;1.0;1.0;1.0;1.0;1.0;1.0;1.0;1.0;0.9903720617294312;1.0;1.0
;4_SourceFour_LEDSeries2_5deg_Lustr_4:Cyan;/lighting/fixtures/4_SourceFour_LEDSeries2_5deg_Lustr_4;0.9903720617294312;0.9903720617294312;0.0;1.0;1.0;1.0;1.0;1.0;1.0;1.0;1.0;1.0;1.0;0.9903720617294312;1.0;1.0
;4_SourceFour_LEDSeries2_5deg_Lustr_4:Blue;/lighting/fixtures/4_SourceFour_LEDSeries2_5deg_Lustr_4;0.9903720617294312;0.9903720617294312;0.0;1.0;1.0;1.0;1.0;1.0;1.0;1.0;1.0;1.0;1.0;0.9903720617294312;1.0;1.0
;4_SourceFour_LEDSeries2_5deg_Lustr_4:Indigo;/lighting/fixtures/4_SourceFour_LEDSeries2_5deg_Lustr_4;0.9903720617294312;0.9903720617294312;0.0;1.0;1.0;1.0;1.0;1.0;1.0;1.0;1.0;1.0;1.0;0.9903720617294312;1.0;1.0
Dimmer8;4_SourceFour_LEDSeries2_5deg_Lustr_4:Intensity;/lighting/fixtures/4_SourceFour_LEDSeries2_5deg_Lustr_4;0.0;0.0;0.0;0.0;0.0;0.0;0.0;0.0;0.0;0.0;0.0;0.0;0.0;0.0;0.0;0.0
;4_SourceFour_LEDSeries2_5deg_Lustr_4:Strobe;/lighting/fixtures/4_SourceFour_LEDSeries2_5deg_Lustr_4;0.0;0.0;0.0;0.0;0.0;0.0;0.0;0.0;0.0;0.0;0.0;0.0;0.0;0.0;0.0;0.0
;4_SourceFour_LEDSeries2_5deg_Lustr_4:Fanctrl;/lighting/fixtures/4_SourceFour_LEDSeries2_5deg_Lustr_4;0.0;0.0;0.0;0.0;0.0;0.0;0.0;0.0;0.0;0.0;0.0;0.0;0.0;0.0;0.0;0.0
;4_SourceFour_LEDSeries2_5deg_Lustr_5:Red;/lighting/fixtures/4_SourceFour_LEDSeries2_5deg_Lustr_5;0.16599999368190765;0.16599999368190765;0.0;1.0;1.0;1.0;1.0;1.0;1.0;1.0;1.0;1.0;1.0;0.9903720617294312;1.0;1.0
;4_SourceFour_LEDSeries2_5deg_Lustr_5:Lime;/lighting/fixtures/4_SourceFour_LEDSeries2_5deg_Lustr_5;0.27000001072883606;0.27000001072883606;0.0;1.0;1.0;1.0;1.0;1.0;1.0;1.0;1.0;1.0;1.0;0.9903720617294312;1.0;1.0
;4_SourceFour_LEDSeries2_5deg_Lustr_5:Amber;/lighting/fixtures/4_SourceFour_LEDSeries2_5deg_Lustr_5;0.22599999606609344;0.22599999606609344;0.0;1.0;1.0;1.0;1.0;1.0;1.0;1.0;1.0;1.0;1.0;0.9903720617294312;1.0;1.0
;4_SourceFour_LEDSeries2_5deg_Lustr_5:Green;/lighting/fixtures/4_SourceFour_LEDSeries2_5deg_Lustr_5;0.375;0.375;0.0;1.0;1.0;1.0;1.0;1.0;1.0;1.0;1.0;1.0;1.0;0.9903720617294312;1.0;1.0
;4_SourceFour_LEDSeries2_5deg_Lustr_5:Cyan;/lighting/fixtures/4_SourceFour_LEDSeries2_5deg_Lustr_5;0.9903720617294312;0.9903720617294312;0.0;1.0;1.0;1.0;1.0;1.0;1.0;1.0;1.0;1.0;1.0;0.9903720617294312;1.0;1.0
;4_SourceFour_LEDSeries2_5deg_Lustr_5:Blue;/lighting/fixtures/4_SourceFour_LEDSeries2_5deg_Lustr_5;0.9903720617294312;0.9903720617294312;0.0;1.0;1.0;1.0;1.0;1.0;1.0;1.0;1.0;1.0;1.0;0.9903720617294312;1.0;1.0
;4_SourceFour_LEDSeries2_5deg_Lustr_5:Indigo;/lighting/fixtures/4_SourceFour_LEDSeries2_5deg_Lustr_5;0.9903720617294312;0.9903720617294312;0.0;1.0;1.0;1.0;1.0;1.0;1.0;1.0;1.0;1.0;1.0;0.9903720617294312;1.0;1.0
Dimmer9;4_SourceFour_LEDSeries2_5deg_Lustr_5:Intensity;/lighting/fixtures/4_SourceFour_LEDSeries2_5deg_Lustr_5;0.0;0.0;0.0;0.0;0.0;0.0;0.0;0.0;0.0;0.0;0.0;0.0;0.0;0.0;0.0;0.0
;4_SourceFour_LEDSeries2_5deg_Lustr_5:Strobe;/lighting/fixtures/4_SourceFour_LEDSeries2_5deg_Lustr_5;0.0;0.0;0.0;0.0;0.0;0.0;0.0;0.0;0.0;0.0;0.0;0.0;0.0;0.0;0.0;0.0
;4_SourceFour_LEDSeries2_5deg_Lustr_5:Fanctrl;/lighting/fixtures/4_SourceFour_LEDSeries2_5deg_Lustr_5;0.0;0.0;0.0;0.0;0.0;0.0;0.0;0.0;0.0;0.0;0.0;0.0;0.0;0.0;0.0;0.0
;4_SourceFour_LEDSeries2_5deg_Lustr_6:Red;/lighting/fixtures/4_SourceFour_LEDSeries2_5deg_Lustr_6;0.16599999368190765;0.16599999368190765;0.0;1.0;1.0;1.0;1.0;1.0;1.0;1.0;1.0;1.0;1.0;0.9903720617294312;1.0;1.0
;4_SourceFour_LEDSeries2_5deg_Lustr_6:Lime;/lighting/fixtures/4_SourceFour_LEDSeries2_5deg_Lustr_6;0.27000001072883606;0.27000001072883606;0.0;1.0;1.0;1.0;1.0;1.0;1.0;1.0;1.0;1.0;1.0;0.9903720617294312;1.0;1.0
;4_SourceFour_LEDSeries2_5deg_Lustr_6:Amber;/lighting/fixtures/4_SourceFour_LEDSeries2_5deg_Lustr_6;0.22599999606609344;0.22599999606609344;0.0;1.0;1.0;1.0;1.0;1.0;1.0;1.0;1.0;1.0;1.0;0.9903720617294312;1.0;1.0
;4_SourceFour_LEDSeries2_5deg_Lustr_6:Green;/lighting/fixtures/4_SourceFour_LEDSeries2_5deg_Lustr_6;0.375;0.375;0.0;1.0;1.0;1.0;1.0;1.0;1.0;1.0;1.0;1.0;1.0;0.9903720617294312;1.0;1.0
;4_SourceFour_LEDSeries2_5deg_Lustr_6:Cyan;/lighting/fixtures/4_SourceFour_LEDSeries2_5deg_Lustr_6;0.9903720617294312;0.9903720617294312;0.0;1.0;1.0;1.0;1.0;1.0;1.0;1.0;1.0;1.0;1.0;0.9903720617294312;1.0;1.0
;4_SourceFour_LEDSeries2_5deg_Lustr_6:Blue;/lighting/fixtures/4_SourceFour_LEDSeries2_5deg_Lustr_6;0.9903720617294312;0.9903720617294312;0.0;1.0;1.0;1.0;1.0;1.0;1.0;1.0;1.0;1.0;1.0;0.9903720617294312;1.0;1.0
;4_SourceFour_LEDSeries2_5deg_Lustr_6:Indigo;/lighting/fixtures/4_SourceFour_LEDSeries2_5deg_Lustr_6;0.9903720617294312;0.9903720617294312;0.0;1.0;1.0;1.0;1.0;1.0;1.0;1.0;1.0;1.0;1.0;0.9903720617294312;1.0;1.0
Dimmer10;4_SourceFour_LEDSeries2_5deg_Lustr_6:Intensity;/lighting/fixtures/4_SourceFour_LEDSeries2_5deg_Lustr_6;0.0;0.0;0.0;0.0;0.0;0.0;0.0;0.0;0.0;0.0;0.0;0.0;0.0;0.0;0.0;0.0
;4_SourceFour_LEDSeries2_5deg_Lustr_6:Strobe;/lighting/fixtures/4_SourceFour_LEDSeries2_5deg_Lustr_6;0.0;0.0;0.0;0.0;0.0;0.0;0.0;0.0;0.0;0.0;0.0;0.0;0.0;0.0;0.0;0.0
;4_SourceFour_LEDSeries2_5deg_Lustr_6:Fanctrl;/lighting/fixtures/4_SourceFour_LEDSeries2_5deg_Lustr_6;0.0;0.0;0.0;0.0;0.0;0.0;0.0;0.0;0.0;0.0;0.0;0.0;0.0;0.0;0.0;0.0
;4_SourceFour_LEDSeries2_5deg_Lustr_7:Red;/lighting/fixtures/4_SourceFour_LEDSeries2_5deg_Lustr_7;0.16599999368190765;0.16599999368190765;0.0;1.0;1.0;1.0;1.0;1.0;1.0;1.0;1.0;1.0;1.0;0.9903720617294312;1.0;1.0
;4_SourceFour_LEDSeries2_5deg_Lustr_7:Lime;/lighting/fixtures/4_SourceFour_LEDSeries2_5deg_Lustr_7;0.27000001072883606;0.27000001072883606;0.0;1.0;1.0;1.0;1.0;1.0;1.0;1.0;1.0;1.0;1.0;0.9903720617294312;1.0;1.0
;4_SourceFour_LEDSeries2_5deg_Lustr_7:Amber;/lighting/fixtures/4_SourceFour_LEDSeries2_5deg_Lustr_7;0.22599999606609344;0.22599999606609344;0.0;1.0;1.0;1.0;1.0;1.0;1.0;1.0;1.0;1.0;1.0;0.9903720617294312;1.0;1.0
;4_SourceFour_LEDSeries2_5deg_Lustr_7:Green;/lighting/fixtures/4_SourceFour_LEDSeries2_5deg_Lustr_7;0.375;0.375;0.0;1.0;1.0;1.0;1.0;1.0;1.0;1.0;1.0;1.0;1.0;0.9903720617294312;1.0;1.0
;4_SourceFour_LEDSeries2_5deg_Lustr_7:Cyan;/lighting/fixtures/4_SourceFour_LEDSeries2_5deg_Lustr_7;0.9903720617294312;0.9903720617294312;0.0;1.0;1.0;1.0;1.0;1.0;1.0;1.0;1.0;1.0;1.0;0.9903720617294312;1.0;1.0
;4_SourceFour_LEDSeries2_5deg_Lustr_7:Blue;/lighting/fixtures/4_SourceFour_LEDSeries2_5deg_Lustr_7;0.9903720617294312;0.9903720617294312;0.0;1.0;1.0;1.0;1.0;1.0;1.0;1.0;1.0;1.0;1.0;0.9903720617294312;1.0;1.0
;4_SourceFour_LEDSeries2_5deg_Lustr_7:Indigo;/lighting/fixtures/4_SourceFour_LEDSeries2_5deg_Lustr_7;0.9903720617294312;0.9903720617294312;0.0;1.0;1.0;1.0;1.0;1.0;1.0;1.0;1.0;1.0;1.0;0.9903720617294312;1.0;1.0
Dimmer11;4_SourceFour_LEDSeries2_5deg_Lustr_7:Intensity;/lighting/fixtures/4_SourceFour_LEDSeries2_5deg_Lustr_7;0.0;0.0;0.0;0.0;0.0;0.0;0.0;0.0;0.0;0.0;0.0;0.0;0.0;0.0;0.0;0.0
;4_SourceFour_LEDSeries2_5deg_Lustr_7:Strobe;/lighting/fixtures/4_SourceFour_LEDSeries2_5deg_Lustr_7;0.0;0.0;0.0;0.0;0.0;0.0;0.0;0.0;0.0;0.0;0.0;0.0;0.0;0.0;0.0;0.0
;4_SourceFour_LEDSeries2_5deg_Lustr_7:Fanctrl;/lighting/fixtures/4_SourceFour_LEDSeries2_5deg_Lustr_7;0.0;0.0;0.0;0.0;0.0;0.0;0.0;0.0;0.0;0.0;0.0;0.0;0.0;0.0;0.0;0.0
;4_SourceFour_LEDSeries2_5deg_Lustr_8:Red;/lighting/fixtures/4_SourceFour_LEDSeries2_5deg_Lustr_8;0.16599999368190765;0.16599999368190765;0.0;1.0;1.0;1.0;1.0;1.0;1.0;1.0;1.0;1.0;1.0;0.9903720617294312;1.0;1.0
;4_SourceFour_LEDSeries2_5deg_Lustr_8:Lime;/lighting/fixtures/4_SourceFour_LEDSeries2_5deg_Lustr_8;0.27000001072883606;0.27000001072883606;0.0;1.0;1.0;1.0;1.0;1.0;1.0;1.0;1.0;1.0;1.0;0.9903720617294312;1.0;1.0
;4_SourceFour_LEDSeries2_5deg_Lustr_8:Amber;/lighting/fixtures/4_SourceFour_LEDSeries2_5deg_Lustr_8;0.22599999606609344;0.22599999606609344;0.0;1.0;1.0;1.0;1.0;1.0;1.0;1.0;1.0;1.0;1.0;0.9903720617294312;1.0;1.0
;4_SourceFour_LEDSeries2_5deg_Lustr_8:Green;/lighting/fixtures/4_SourceFour_LEDSeries2_5deg_Lustr_8;0.375;0.375;0.0;1.0;1.0;1.0;1.0;1.0;1.0;1.0;1.0;1.0;1.0;0.9903720617294312;1.0;1.0
;4_SourceFour_LEDSeries2_5deg_Lustr_8:Cyan;/lighting/fixtures/4_SourceFour_LEDSeries2_5deg_Lustr_8;0.9903720617294312;0.9903720617294312;0.0;1.0;1.0;1.0;1.0;1.0;1.0;1.0;1.0;1.0;1.0;0.9903720617294312;1.0;1.0
;4_SourceFour_LEDSeries2_5deg_Lustr_8:Blue;/lighting/fixtures/4_SourceFour_LEDSeries2_5deg_Lustr_8;0.9903720617294312;0.9903720617294312;0.0;1.0;1.0;1.0;1.0;1.0;1.0;1.0;1.0;1.0;1.0;0.9903720617294312;1.0;1.0
;4_SourceFour_LEDSeries2_5deg_Lustr_8:Indigo;/lighting/fixtures/4_SourceFour_LEDSeries2_5deg_Lustr_8;0.9903720617294312;0.9903720617294312;0.0;1.0;1.0;1.0;1.0;1.0;1.0;1.0;1.0;1.0;1.0;0.9903720617294312;1.0;1.0
Dimmer12;4_SourceFour_LEDSeries2_5deg_Lustr_8:Intensity;/lighting/fixtures/4_SourceFour_LEDSeries2_5deg_Lustr_8;0.0;0.0;0.0;0.0;0.0;0.0;0.0;0.0;0.0;0.0;0.0;0.0;0.0;0.0;0.0;0.0
;4_SourceFour_LEDSeries2_5deg_Lustr_8:Strobe;/lighting/fixtures/4_SourceFour_LEDSeries2_5deg_Lustr_8;0.0;0.0;0.0;0.0;0.0;0.0;0.0;0.0;0.0;0.0;0.0;0.0;0.0;0.0;0.0;0.0
;4_SourceFour_LEDSeries2_5deg_Lustr_8:Fanctrl;/lighting/fixtures/4_SourceFour_LEDSeries2_5deg_Lustr_8;0.0;0.0;0.0;0.0;0.0;0.0;0.0;0.0;0.0;0.0;0.0;0.0;0.0;0.0;0.0;0.0
;4_SourceFour_LEDSeries2_5deg_Lustr_9:Red;/lighting/fixtures/4_SourceFour_LEDSeries2_5deg_Lustr_9;0.9903720617294312;0.9903720617294312;0.0;1.0;1.0;1.0;1.0;1.0;1.0;1.0;1.0;1.0;1.0;0.9903720617294312;1.0;1.0
;4_SourceFour_LEDSeries2_5deg_Lustr_9:Lime;/lighting/fixtures/4_SourceFour_LEDSeries2_5deg_Lustr_9;0.9903720617294312;0.9903720617294312;0.0;1.0;1.0;1.0;1.0;1.0;1.0;1.0;1.0;1.0;1.0;0.9903720617294312;1.0;1.0
;4_SourceFour_LEDSeries2_5deg_Lustr_9:Amber;/lighting/fixtures/4_SourceFour_LEDSeries2_5deg_Lustr_9;0.9903720617294312;0.9903720617294312;0.0;1.0;1.0;1.0;1.0;1.0;1.0;1.0;1.0;1.0;1.0;0.9903720617294312;1.0;1.0
;4_SourceFour_LEDSeries2_5deg_Lustr_9:Green;/lighting/fixtures/4_SourceFour_LEDSeries2_5deg_Lustr_9;0.9903720617294312;0.9903720617294312;0.0;1.0;1.0;1.0;1.0;1.0;1.0;1.0;1.0;1.0;1.0;0.9903720617294312;1.0;1.0
;4_SourceFour_LEDSeries2_5deg_Lustr_9:Cyan;/lighting/fixtures/4_SourceFour_LEDSeries2_5deg_Lustr_9;0.9903720617294312;0.9903720617294312;0.0;1.0;1.0;1.0;1.0;1.0;1.0;1.0;1.0;1.0;1.0;0.9903720617294312;1.0;1.0
;4_SourceFour_LEDSeries2_5deg_Lustr_9:Blue;/lighting/fixtures/4_SourceFour_LEDSeries2_5deg_Lustr_9;0.9903720617294312;0.9903720617294312;0.0;1.0;1.0;1.0;1.0;1.0;1.0;1.0;1.0;1.0;1.0;0.9903720617294312;1.0;1.0
;4_SourceFour_LEDSeries2_5deg_Lustr_9:Indigo;/lighting/fixtures/4_SourceFour_LEDSeries2_5deg_Lustr_9;0.9903720617294312;0.9903720617294312;0.0;1.0;1.0;1.0;1.0;1.0;1.0;1.0;1.0;1.0;1.0;0.9903720617294312;1.0;1.0
Dimmer13;4_SourceFour_LEDSeries2_5deg_Lustr_9:Intensity;/lighting/fixtures/4_SourceFour_LEDSeries2_5deg_Lustr_9;0.0;0.0;0.0;0.0;0.0;0.0;0.0;0.0;0.0;0.0;0.0;0.0;0.0;0.0;0.0;0.0
;4_SourceFour_LEDSeries2_5deg_Lustr_9:Strobe;/lighting/fixtures/4_SourceFour_LEDSeries2_5deg_Lustr_9;0.0;0.0;0.0;0.0;0.0;0.0;0.0;0.0;0.0;0.0;0.0;0.0;0.0;0.0;0.0;0.0
;4_SourceFour_LEDSeries2_5deg_Lustr_9:Fanctrl;/lighting/fixtures/4_SourceFour_LEDSeries2_5deg_Lustr_9;0.0;0.0;0.0;0.0;0.0;0.0;0.0;0.0;0.0;0.0;0.0;0.0;0.0;0.0;0.0;0.0
;4_SourceFour_LEDSeries2_5deg_Lustr_10:Red;/lighting/fixtures/4_SourceFour_LEDSeries2_5deg_Lustr_10;0.16599999368190765;0.16599999368190765;0.0;1.0;1.0;1.0;1.0;1.0;1.0;1.0;1.0;1.0;1.0;0.9903720617294312;1.0;1.0
;4_SourceFour_LEDSeries2_5deg_Lustr_10:Lime;/lighting/fixtures/4_SourceFour_LEDSeries2_5deg_Lustr_10;0.27000001072883606;0.27000001072883606;0.0;1.0;1.0;1.0;1.0;1.0;1.0;1.0;1.0;1.0;1.0;0.9903720617294312;1.0;1.0
;4_SourceFour_LEDSeries2_5deg_Lustr_10:Amber;/lighting/fixtures/4_SourceFour_LEDSeries2_5deg_Lustr_10;0.22599999606609344;0.22599999606609344;0.0;1.0;1.0;1.0;1.0;1.0;1.0;1.0;1.0;1.0;1.0;0.9903720617294312;1.0;1.0
;4_SourceFour_LEDSeries2_5deg_Lustr_10:Green;/lighting/fixtures/4_SourceFour_LEDSeries2_5deg_Lustr_10;0.375;0.375;0.0;1.0;1.0;1.0;1.0;1.0;1.0;1.0;1.0;1.0;1.0;0.9903720617294312;1.0;1.0
;4_SourceFour_LEDSeries2_5deg_Lustr_10:Cyan;/lighting/fixtures/4_SourceFour_LEDSeries2_5deg_Lustr_10;0.9903720617294312;0.9903720617294312;0.0;1.0;1.0;1.0;1.0;1.0;1.0;1.0;1.0;1.0;1.0;0.9903720617294312;1.0;1.0
;4_SourceFour_LEDSeries2_5deg_Lustr_10:Blue;/lighting/fixtures/4_SourceFour_LEDSeries2_5deg_Lustr_10;0.9903720617294312;0.9903720617294312;0.0;1.0;1.0;1.0;1.0;1.0;1.0;1.0;1.0;1.0;1.0;0.9903720617294312;1.0;1.0
;4_SourceFour_LEDSeries2_5deg_Lustr_10:Indigo;/lighting/fixtures/4_SourceFour_LEDSeries2_5deg_Lustr_10;0.9903720617294312;0.9903720617294312;0.0;1.0;1.0;1.0;1.0;1.0;1.0;1.0;1.0;1.0;1.0;0.9903720617294312;1.0;1.0
Dimmer14;4_SourceFour_LEDSeries2_5deg_Lustr_10:Intensity;/lighting/fixtures/4_SourceFour_LEDSeries2_5deg_Lustr_10;0.0;0.0;0.0;0.0;0.0;0.0;0.0;0.0;0.0;0.0;0.0;0.0;0.0;0.0;0.0;0.0
;4_SourceFour_LEDSeries2_5deg_Lustr_10:Strobe;/lighting/fixtures/4_SourceFour_LEDSeries2_5deg_Lustr_10;0.0;0.0;0.0;0.0;0.0;0.0;0.0;0.0;0.0;0.0;0.0;0.0;0.0;0.0;0.0;0.0
;4_SourceFour_LEDSeries2_5deg_Lustr_10:Fanctrl;/lighting/fixtures/4_SourceFour_LEDSeries2_5deg_Lustr_10;0.0;0.0;0.0;0.0;0.0;0.0;0.0;0.0;0.0;0.0;0.0;0.0;0.0;0.0;0.0;0.0
;4_SourceFour_LEDSeries2_5deg_Lustr_11:Red;/lighting/fixtures/4_SourceFour_LEDSeries2_5deg_Lustr_11;0.0;0.0;0.0;0.0;0.0;0.0;0.0;0.0;0.0;0.0;1.0;0.0;0.0;0.0;0.0;0.0
;4_SourceFour_LEDSeries2_5deg_Lustr_11:Lime;/lighting/fixtures/4_SourceFour_LEDSeries2_5deg_Lustr_11;0.0;0.0;0.0;0.0;0.0;0.0;0.0;0.0;0.0;0.0;1.0;0.0;0.0;0.0;0.0;0.0
;4_SourceFour_LEDSeries2_5deg_Lustr_11:Amber;/lighting/fixtures/4_SourceFour_LEDSeries2_5deg_Lustr_11;0.0;0.0;0.0;0.0;0.0;0.0;0.0;0.0;0.0;0.0;1.0;0.0;0.0;0.0;0.0;0.0
;4_SourceFour_LEDSeries2_5deg_Lustr_11:Green;/lighting/fixtures/4_SourceFour_LEDSeries2_5deg_Lustr_11;0.0;0.0;0.0;0.0;0.0;0.0;0.0;0.0;0.0;0.0;1.0;0.0;0.0;0.0;0.0;0.0
;4_SourceFour_LEDSeries2_5deg_Lustr_11:Cyan;/lighting/fixtures/4_SourceFour_LEDSeries2_5deg_Lustr_11;0.0;0.0;0.0;0.0;0.0;0.0;0.0;0.0;0.0;0.0;1.0;0.0;0.0;0.0;0.0;0.0
;4_SourceFour_LEDSeries2_5deg_Lustr_11:Blue;/lighting/fixtures/4_SourceFour_LEDSeries2_5deg_Lustr_11;0.0;0.0;0.0;0.0;0.0;0.0;0.0;0.0;0.0;0.0;1.0;0.0;0.0;0.0;0.0;0.0
;4_SourceFour_LEDSeries2_5deg_Lustr_11:Indigo;/lighting/fixtures/4_SourceFour_LEDSeries2_5deg_Lustr_11;0.0;0.0;0.0;0.0;0.0;0.0;0.0;0.0;0.0;0.0;1.0;0.0;0.0;0.0;0.0;0.0
Dimmer15;4_SourceFour_LEDSeries2_5deg_Lustr_11:Intensity;/lighting/fixtures/4_SourceFour_LEDSeries2_5deg_Lustr_11;0.0;0.0;0.0;0.0;0.0;0.0;0.0;0.0;0.0;0.0;0.0;0.0;0.0;0.0;0.0;0.0
;4_SourceFour_LEDSeries2_5deg_Lustr_11:Strobe;/lighting/fixtures/4_SourceFour_LEDSeries2_5deg_Lustr_11;0.0;0.0;0.0;0.0;0.0;0.0;0.0;0.0;0.0;0.0;0.0;0.0;0.0;0.0;0.0;0.0
;4_SourceFour_LEDSeries2_5deg_Lustr_11:Fanctrl;/lighting/fixtures/4_SourceFour_LEDSeries2_5deg_Lustr_11;0.0;0.0;0.0;0.0;0.0;0.0;0.0;0.0;0.0;0.0;0.0;0.0;0.0;0.0;0.0;0.0
;4_SourceFour_LEDSeries2_5deg_Lustr_12:Red;/lighting/fixtures/4_SourceFour_LEDSeries2_5deg_Lustr_12;0.0;0.0;0.0;0.0;0.0;0.0;0.0;0.0;0.0;0.0;1.0;0.0;0.0;0.0;1.0;1.0
;4_SourceFour_LEDSeries2_5deg_Lustr_12:Lime;/lighting/fixtures/4_SourceFour_LEDSeries2_5deg_Lustr_12;0.0;0.0;0.0;0.0;0.0;0.0;0.0;0.0;0.0;0.0;1.0;0.0;0.0;0.0;1.0;1.0
;4_SourceFour_LEDSeries2_5deg_Lustr_12:Amber;/lighting/fixtures/4_SourceFour_LEDSeries2_5deg_Lustr_12;0.0;0.0;0.0;0.0;0.0;0.0;0.0;0.0;0.0;0.0;1.0;0.0;0.0;0.0;1.0;1.0
;4_SourceFour_LEDSeries2_5deg_Lustr_12:Green;/lighting/fixtures/4_SourceFour_LEDSeries2_5deg_Lustr_12;0.0;0.0;0.0;0.0;0.0;0.0;0.0;0.0;0.0;0.0;1.0;0.0;0.0;0.0;1.0;1.0
;4_SourceFour_LEDSeries2_5deg_Lustr_12:Cyan;/lighting/fixtures/4_SourceFour_LEDSeries2_5deg_Lustr_12;0.0;0.0;0.0;0.0;0.0;0.0;0.0;0.0;0.0;0.0;1.0;0.0;0.0;0.0;1.0;1.0
;4_SourceFour_LEDSeries2_5deg_Lustr_12:Blue;/lighting/fixtures/4_SourceFour_LEDSeries2_5deg_Lustr_12;0.0;0.0;0.0;0.0;0.0;0.0;0.0;0.0;0.0;0.0;1.0;0.0;0.0;0.0;1.0;1.0
;4_SourceFour_LEDSeries2_5deg_Lustr_12:Indigo;/lighting/fixtures/4_SourceFour_LEDSeries2_5deg_Lustr_12;0.0;0.0;0.0;0.0;0.0;0.0;0.0;0.0;0.0;0.0;1.0;0.0;0.0;0.0;1.0;1.0
Dimmer16;4_SourceFour_LEDSeries2_5deg_Lustr_12:Intensity;/lighting/fixtures/4_SourceFour_LEDSeries2_5deg_Lustr_12;0.0;0.0;0.0;0.0;0.0;0.0;0.0;0.0;0.0;0.0;0.0;0.0;0.0;0.0;0.11299999803304672;0.0
;4_SourceFour_LEDSeries2_5deg_Lustr_12:Strobe;/lighting/fixtures/4_SourceFour_LEDSeries2_5deg_Lustr_12;0.0;0.0;0.0;0.0;0.0;0.0;0.0;0.0;0.0;0.0;0.0;0.0;0.0;0.0;0.0;0.0
;4_SourceFour_LEDSeries2_5deg_Lustr_12:Fanctrl;/lighting/fixtures/4_SourceFour_LEDSeries2_5deg_Lustr_12;0.0;0.0;0.0;0.0;0.0;0.0;0.0;0.0;0.0;0.0;0.0;0.0;0.0;0.0;0.0;0.0
;4_SourceFour_LEDSeries2_5deg_Lustr_13:Red;/lighting/fixtures/4_SourceFour_LEDSeries2_5deg_Lustr_13;0.0;0.0;0.0;0.0;0.0;0.0;0.0;0.0;0.0;0.0;1.0;0.0;0.0;0.0;1.0;1.0
;4_SourceFour_LEDSeries2_5deg_Lustr_13:Lime;/lighting/fixtures/4_SourceFour_LEDSeries2_5deg_Lustr_13;0.0;0.0;0.0;0.0;0.0;0.0;0.0;0.0;0.0;0.0;1.0;0.0;0.0;0.0;1.0;1.0
;4_SourceFour_LEDSeries2_5deg_Lustr_13:Amber;/lighting/fixtures/4_SourceFour_LEDSeries2_5deg_Lustr_13;0.0;0.0;0.0;0.0;0.0;0.0;0.0;0.0;0.0;0.0;1.0;0.0;0.0;0.0;1.0;1.0
;4_SourceFour_LEDSeries2_5deg_Lustr_13:Green;/lighting/fixtures/4_SourceFour_LEDSeries2_5deg_Lustr_13;0.0;0.0;0.0;0.0;0.0;0.0;0.0;0.0;0.0;0.0;1.0;0.0;0.0;0.0;1.0;1.0
;4_SourceFour_LEDSeries2_5deg_Lustr_13:Cyan;/lighting/fixtures/4_SourceFour_LEDSeries2_5deg_Lustr_13;0.0;0.0;0.0;0.0;0.0;0.0;0.0;0.0;0.0;0.0;1.0;0.0;0.0;0.0;1.0;1.0
;4_SourceFour_LEDSeries2_5deg_Lustr_13:Blue;/lighting/fixtures/4_SourceFour_LEDSeries2_5deg_Lustr_13;0.0;0.0;0.0;0.0;0.0;0.0;0.0;0.0;0.0;0.0;1.0;0.0;0.0;0.0;1.0;1.0
;4_SourceFour_LEDSeries2_5deg_Lustr_13:Indigo;/lighting/fixtures/4_SourceFour_LEDSeries2_5deg_Lustr_13;0.0;0.0;0.0;0.0;0.0;0.0;0.0;0.0;0.0;0.0;1.0;0.0;0.0;0.0;1.0;1.0
Dimmer17;4_SourceFour_LEDSeries2_5deg_Lustr_13:Intensity;/lighting/fixtures/4_SourceFour_LEDSeries2_5deg_Lustr_13;0.0;0.0;0.0;0.0;0.0;0.0;0.0;0.0;0.0;0.0;0.0;0.0;0.0;0.0;0.0;0.0
;4_SourceFour_LEDSeries2_5deg_Lustr_13:Strobe;/lighting/fixtures/4_SourceFour_LEDSeries2_5deg_Lustr_13;0.0;0.0;0.0;0.0;0.0;0.0;0.0;0.0;0.0;0.0;0.0;0.0;0.0;0.0;0.0;0.0
;4_SourceFour_LEDSeries2_5deg_Lustr_13:Fanctrl;/lighting/fixtures/4_SourceFour_LEDSeries2_5deg_Lustr_13;0.0;0.0;0.0;0.0;0.0;0.0;0.0;0.0;0.0;0.0;0.0;0.0;0.0;0.0;0.0;0.0
;4_SourceFour_LEDSeries2_5deg_Lustr_14:Red;/lighting/fixtures/4_SourceFour_LEDSeries2_5deg_Lustr_14;0.0;0.0;0.0;0.0;0.0;0.0;0.0;0.0;0.0;0.0;1.0;0.0;0.0;0.0;0.0;0.0
;4_SourceFour_LEDSeries2_5deg_Lustr_14:Lime;/lighting/fixtures/4_SourceFour_LEDSeries2_5deg_Lustr_14;0.0;0.0;0.0;0.0;0.0;0.0;0.0;0.0;0.0;0.0;1.0;0.0;0.0;0.0;0.0;0.0
;4_SourceFour_LEDSeries2_5deg_Lustr_14:Amber;/lighting/fixtures/4_SourceFour_LEDSeries2_5deg_Lustr_14;0.0;0.0;0.0;0.0;0.0;0.0;0.0;0.0;0.0;0.0;1.0;0.0;0.0;0.0;0.0;0.0
;4_SourceFour_LEDSeries2_5deg_Lustr_14:Green;/lighting/fixtures/4_SourceFour_LEDSeries2_5deg_Lustr_14;0.0;0.0;0.0;0.0;0.0;0.0;0.0;0.0;0.0;0.0;1.0;0.0;0.0;0.0;0.0;0.0
;4_SourceFour_LEDSeries2_5deg_Lustr_14:Cyan;/lighting/fixtures/4_SourceFour_LEDSeries2_5deg_Lustr_14;0.0;0.0;0.0;0.0;0.0;0.0;0.0;0.0;0.0;0.0;1.0;0.0;0.0;0.0;0.0;0.0
;4_SourceFour_LEDSeries2_5deg_Lustr_14:Blue;/lighting/fixtures/4_SourceFour_LEDSeries2_5deg_Lustr_14;0.0;0.0;0.0;0.0;0.0;0.0;0.0;0.0;0.0;0.0;1.0;0.0;0.0;0.0;0.0;0.0
;4_SourceFour_LEDSeries2_5deg_Lustr_14:Indigo;/lighting/fixtures/4_SourceFour_LEDSeries2_5deg_Lustr_14;0.0;0.0;0.0;0.0;0.0;0.0;0.0;0.0;0.0;0.0;1.0;0.0;0.0;0.0;0.0;0.0
Dimmer18;4_SourceFour_LEDSeries2_5deg_Lustr_14:Intensity;/lighting/fixtures/4_SourceFour_LEDSeries2_5deg_Lustr_14;0.0;0.0;0.0;0.0;0.0;0.0;0.0;0.0;0.0;0.0;0.0;0.0;0.0;0.0;0.0;0.0
;4_SourceFour_LEDSeries2_5deg_Lustr_14:Strobe;/lighting/fixtures/4_SourceFour_LEDSeries2_5deg_Lustr_14;0.0;0.0;0.0;0.0;0.0;0.0;0.0;0.0;0.0;0.0;0.0;0.0;0.0;0.0;0.0;0.0
;4_SourceFour_LEDSeries2_5deg_Lustr_14:Fanctrl;/lighting/fixtures/4_SourceFour_LEDSeries2_5deg_Lustr_14;0.0;0.0;0.0;0.0;0.0;0.0;0.0;0.0;0.0;0.0;0.0;0.0;0.0;0.0;0.0;0.0
;4_SourceFour_LEDSeries2_5deg_Lustr_15:Red;/lighting/fixtures/4_SourceFour_LEDSeries2_5deg_Lustr_15;0.16599999368190765;0.16599999368190765;0.0;1.0;1.0;1.0;1.0;1.0;1.0;1.0;1.0;1.0;1.0;0.9903720617294312;1.0;1.0
;4_SourceFour_LEDSeries2_5deg_Lustr_15:Lime;/lighting/fixtures/4_SourceFour_LEDSeries2_5deg_Lustr_15;0.27000001072883606;0.27000001072883606;0.0;1.0;1.0;1.0;1.0;1.0;1.0;1.0;1.0;1.0;1.0;0.9903720617294312;1.0;1.0
;4_SourceFour_LEDSeries2_5deg_Lustr_15:Amber;/lighting/fixtures/4_SourceFour_LEDSeries2_5deg_Lustr_15;0.22599999606609344;0.22599999606609344;0.0;1.0;1.0;1.0;1.0;1.0;1.0;1.0;1.0;1.0;1.0;0.9903720617294312;1.0;1.0
;4_SourceFour_LEDSeries2_5deg_Lustr_15:Green;/lighting/fixtures/4_SourceFour_LEDSeries2_5deg_Lustr_15;0.375;0.375;0.0;1.0;1.0;1.0;1.0;1.0;1.0;1.0;1.0;1.0;1.0;0.9903720617294312;1.0;1.0
;4_SourceFour_LEDSeries2_5deg_Lustr_15:Cyan;/lighting/fixtures/4_SourceFour_LEDSeries2_5deg_Lustr_15;0.9903720617294312;0.9903720617294312;0.0;1.0;1.0;1.0;1.0;1.0;1.0;1.0;1.0;1.0;1.0;0.9903720617294312;1.0;1.0
;4_SourceFour_LEDSeries2_5deg_Lustr_15:Blue;/lighting/fixtures/4_SourceFour_LEDSeries2_5deg_Lustr_15;0.9903720617294312;0.9903720617294312;0.0;1.0;1.0;1.0;1.0;1.0;1.0;1.0;1.0;1.0;1.0;0.9903720617294312;1.0;1.0
;4_SourceFour_LEDSeries2_5deg_Lustr_15:Indigo;/lighting/fixtures/4_SourceFour_LEDSeries2_5deg_Lustr_15;0.9903720617294312;0.9903720617294312;0.0;1.0;1.0;1.0;1.0;1.0;1.0;1.0;1.0;1.0;1.0;0.9903720617294312;1.0;1.0
Dimmer19;4_SourceFour_LEDSeries2_5deg_Lustr_15:Intensity;/lighting/fixtures/4_SourceFour_LEDSeries2_5deg_Lustr_15;0.0;0.0;0.0;0.0;0.0;0.0;0.0;0.0;0.0;0.0;0.0;0.0;0.0;0.0;0.0;0.0
;4_SourceFour_LEDSeries2_5deg_Lustr_15:Strobe;/lighting/fixtures/4_SourceFour_LEDSeries2_5deg_Lustr_15;0.0;0.0;0.0;0.0;0.0;0.0;0.0;0.0;0.0;0.0;0.0;0.0;0.0;0.0;0.0;0.0
;4_SourceFour_LEDSeries2_5deg_Lustr_15:Fanctrl;/lighting/fixtures/4_SourceFour_LEDSeries2_5deg_Lustr_15;0.0;0.0;0.0;0.0;0.0;0.0;0.0;0.0;0.0;0.0;0.0;0.0;0.0;0.0;0.0;0.0
;4_SourceFour_LEDSeries2_5deg_Lustr_16:Red;/lighting/fixtures/4_SourceFour_LEDSeries2_5deg_Lustr_16;0.16599999368190765;0.16599999368190765;0.0;1.0;1.0;1.0;1.0;1.0;1.0;1.0;1.0;1.0;1.0;0.9903720617294312;1.0;1.0
;4_SourceFour_LEDSeries2_5deg_Lustr_16:Lime;/lighting/fixtures/4_SourceFour_LEDSeries2_5deg_Lustr_16;0.27000001072883606;0.27000001072883606;0.0;1.0;1.0;1.0;1.0;1.0;1.0;1.0;1.0;1.0;1.0;0.9903720617294312;1.0;1.0
;4_SourceFour_LEDSeries2_5deg_Lustr_16:Amber;/lighting/fixtures/4_SourceFour_LEDSeries2_5deg_Lustr_16;0.22599999606609344;0.22599999606609344;0.0;1.0;1.0;1.0;1.0;1.0;1.0;1.0;1.0;1.0;1.0;0.9903720617294312;1.0;1.0
;4_SourceFour_LEDSeries2_5deg_Lustr_16:Green;/lighting/fixtures/4_SourceFour_LEDSeries2_5deg_Lustr_16;0.375;0.375;0.0;1.0;1.0;1.0;1.0;1.0;1.0;1.0;1.0;1.0;1.0;0.9903720617294312;1.0;1.0
;4_SourceFour_LEDSeries2_5deg_Lustr_16:Cyan;/lighting/fixtures/4_SourceFour_LEDSeries2_5deg_Lustr_16;0.9903720617294312;0.9903720617294312;0.0;1.0;1.0;1.0;1.0;1.0;1.0;1.0;1.0;1.0;1.0;0.9903720617294312;1.0;1.0
;4_SourceFour_LEDSeries2_5deg_Lustr_16:Blue;/lighting/fixtures/4_SourceFour_LEDSeries2_5deg_Lustr_16;0.9903720617294312;0.9903720617294312;0.0;1.0;1.0;1.0;1.0;1.0;1.0;1.0;1.0;1.0;1.0;0.9903720617294312;1.0;1.0
;4_SourceFour_LEDSeries2_5deg_Lustr_16:Indigo;/lighting/fixtures/4_SourceFour_LEDSeries2_5deg_Lustr_16;0.9903720617294312;0.9903720617294312;0.0;1.0;1.0;1.0;1.0;1.0;1.0;1.0;1.0;1.0;1.0;0.9903720617294312;1.0;1.0
Dimmer20;4_SourceFour_LEDSeries2_5deg_Lustr_16:Intensity;/lighting/fixtures/4_SourceFour_LEDSeries2_5deg_Lustr_16;0.0;0.0;0.0;0.0;0.0;0.0;0.0;0.0;0.0;0.0;0.0;0.0;0.0;0.0;0.0;0.0
;4_SourceFour_LEDSeries2_5deg_Lustr_16:Strobe;/lighting/fixtures/4_SourceFour_LEDSeries2_5deg_Lustr_16;0.0;0.0;0.0;0.0;0.0;0.0;0.0;0.0;0.0;0.0;0.0;0.0;0.0;0.0;0.0;0.0
;4_SourceFour_LEDSeries2_5deg_Lustr_16:Fanctrl;/lighting/fixtures/4_SourceFour_LEDSeries2_5deg_Lustr_16;0.0;0.0;0.0;0.0;0.0;0.0;0.0;0.0;0.0;0.0;0.0;0.0;0.0;0.0;0.0;0.0
;4_SourceFour_LEDSeries2_5deg_Lustr_17:Red;/lighting/fixtures/4_SourceFour_LEDSeries2_5deg_Lustr_17;0.16599999368190765;0.16599999368190765;0.0;1.0;1.0;1.0;1.0;1.0;1.0;1.0;1.0;1.0;1.0;0.9903720617294312;1.0;1.0
;4_SourceFour_LEDSeries2_5deg_Lustr_17:Lime;/lighting/fixtures/4_SourceFour_LEDSeries2_5deg_Lustr_17;0.27000001072883606;0.27000001072883606;0.0;1.0;1.0;1.0;1.0;1.0;1.0;1.0;1.0;1.0;1.0;0.9903720617294312;1.0;1.0
;4_SourceFour_LEDSeries2_5deg_Lustr_17:Amber;/lighting/fixtures/4_SourceFour_LEDSeries2_5deg_Lustr_17;0.22599999606609344;0.22599999606609344;0.0;1.0;1.0;1.0;1.0;1.0;1.0;1.0;1.0;1.0;1.0;0.9903720617294312;1.0;1.0
;4_SourceFour_LEDSeries2_5deg_Lustr_17:Green;/lighting/fixtures/4_SourceFour_LEDSeries2_5deg_Lustr_17;0.375;0.375;0.0;1.0;1.0;1.0;1.0;1.0;1.0;1.0;1.0;1.0;1.0;0.9903720617294312;1.0;1.0
;4_SourceFour_LEDSeries2_5deg_Lustr_17:Cyan;/lighting/fixtures/4_SourceFour_LEDSeries2_5deg_Lustr_17;0.9903720617294312;0.9903720617294312;0.0;1.0;1.0;1.0;1.0;1.0;1.0;1.0;1.0;1.0;1.0;0.9903720617294312;1.0;1.0
;4_SourceFour_LEDSeries2_5deg_Lustr_17:Blue;/lighting/fixtures/4_SourceFour_LEDSeries2_5deg_Lustr_17;0.9903720617294312;0.9903720617294312;0.0;1.0;1.0;1.0;1.0;1.0;1.0;1.0;1.0;1.0;1.0;0.9903720617294312;1.0;1.0
;4_SourceFour_LEDSeries2_5deg_Lustr_17:Indigo;/lighting/fixtures/4_SourceFour_LEDSeries2_5deg_Lustr_17;0.9903720617294312;0.9903720617294312;0.0;1.0;1.0;1.0;1.0;1.0;1.0;1.0;1.0;1.0;1.0;0.9903720617294312;1.0;1.0
Dimmer21;4_SourceFour_LEDSeries2_5deg_Lustr_17:Intensity;/lighting/fixtures/4_SourceFour_LEDSeries2_5deg_Lustr_17;0.0;0.0;0.0;0.0;0.0;0.0;0.0;0.0;0.0;0.0;0.0;0.0;0.0;0.0;0.0;0.0
;4_SourceFour_LEDSeries2_5deg_Lustr_17:Strobe;/lighting/fixtures/4_SourceFour_LEDSeries2_5deg_Lustr_17;0.0;0.0;0.0;0.0;0.0;0.0;0.0;0.0;0.0;0.0;0.0;0.0;0.0;0.0;0.0;0.0
;4_SourceFour_LEDSeries2_5deg_Lustr_17:Fanctrl;/lighting/fixtures/4_SourceFour_LEDSeries2_5deg_Lustr_17;0.0;0.0;0.0;0.0;0.0;0.0;0.0;0.0;0.0;0.0;0.0;0.0;0.0;0.0;0.0;0.0
;4_SourceFour_LEDSeries2_5deg_Lustr_18:Red;/lighting/fixtures/4_SourceFour_LEDSeries2_5deg_Lustr_18;0.16599999368190765;0.16599999368190765;0.0;1.0;1.0;1.0;1.0;1.0;1.0;1.0;1.0;1.0;1.0;0.9903720617294312;1.0;1.0
;4_SourceFour_LEDSeries2_5deg_Lustr_18:Lime;/lighting/fixtures/4_SourceFour_LEDSeries2_5deg_Lustr_18;0.27000001072883606;0.27000001072883606;0.0;1.0;1.0;1.0;1.0;1.0;1.0;1.0;1.0;1.0;1.0;0.9903720617294312;1.0;1.0
;4_SourceFour_LEDSeries2_5deg_Lustr_18:Amber;/lighting/fixtures/4_SourceFour_LEDSeries2_5deg_Lustr_18;0.22599999606609344;0.22599999606609344;0.0;1.0;1.0;1.0;1.0;1.0;1.0;1.0;1.0;1.0;1.0;0.9903720617294312;1.0;1.0
;4_SourceFour_LEDSeries2_5deg_Lustr_18:Green;/lighting/fixtures/4_SourceFour_LEDSeries2_5deg_Lustr_18;0.375;0.375;0.0;1.0;1.0;1.0;1.0;1.0;1.0;1.0;1.0;1.0;1.0;0.9903720617294312;1.0;1.0
;4_SourceFour_LEDSeries2_5deg_Lustr_18:Cyan;/lighting/fixtures/4_SourceFour_LEDSeries2_5deg_Lustr_18;0.9903720617294312;0.9903720617294312;0.0;1.0;1.0;1.0;1.0;1.0;1.0;1.0;1.0;1.0;1.0;0.9903720617294312;1.0;1.0
;4_SourceFour_LEDSeries2_5deg_Lustr_18:Blue;/lighting/fixtures/4_SourceFour_LEDSeries2_5deg_Lustr_18;0.9903720617294312;0.9903720617294312;0.0;1.0;1.0;1.0;1.0;1.0;1.0;1.0;1.0;1.0;1.0;0.9903720617294312;1.0;1.0
;4_SourceFour_LEDSeries2_5deg_Lustr_18:Indigo;/lighting/fixtures/4_SourceFour_LEDSeries2_5deg_Lustr_18;0.9903720617294312;0.9903720617294312;0.0;1.0;1.0;1.0;1.0;1.0;1.0;1.0;1.0;1.0;1.0;0.9903720617294312;1.0;1.0
Dimmer22;4_SourceFour_LEDSeries2_5deg_Lustr_18:Intensity;/lighting/fixtures/4_SourceFour_LEDSeries2_5deg_Lustr_18;0.0;0.0;0.0;0.0;0.0;0.0;0.0;0.0;0.0;0.0;0.0;0.0;0.0;0.0;0.0;0.0
;4_SourceFour_LEDSeries2_5deg_Lustr_18:Strobe;/lighting/fixtures/4_SourceFour_LEDSeries2_5deg_Lustr_18;0.0;0.0;0.0;0.0;0.0;0.0;0.0;0.0;0.0;0.0;0.0;0.0;0.0;0.0;0.0;0.0
;4_SourceFour_LEDSeries2_5deg_Lustr_18:Fanctrl;/lighting/fixtures/4_SourceFour_LEDSeries2_5deg_Lustr_18;0.0;0.0;0.0;0.0;0.0;0.0;0.0;0.0;0.0;0.0;0.0;0.0;0.0;0.0;0.0;0.0
;4_SourceFour_LEDSeries2_5deg_Lustr_19:Red;/lighting/fixtures/4_SourceFour_LEDSeries2_5deg_Lustr_19;0.16599999368190765;0.16599999368190765;0.0;1.0;1.0;1.0;1.0;1.0;1.0;1.0;1.0;1.0;1.0;0.9903720617294312;1.0;1.0
;4_SourceFour_LEDSeries2_5deg_Lustr_19:Lime;/lighting/fixtures/4_SourceFour_LEDSeries2_5deg_Lustr_19;0.27000001072883606;0.27000001072883606;0.0;1.0;1.0;1.0;1.0;1.0;1.0;1.0;1.0;1.0;1.0;0.9903720617294312;1.0;1.0
;4_SourceFour_LEDSeries2_5deg_Lustr_19:Amber;/lighting/fixtures/4_SourceFour_LEDSeries2_5deg_Lustr_19;0.22599999606609344;0.22599999606609344;0.0;1.0;1.0;1.0;1.0;1.0;1.0;1.0;1.0;1.0;1.0;0.9903720617294312;1.0;1.0
;4_SourceFour_LEDSeries2_5deg_Lustr_19:Green;/lighting/fixtures/4_SourceFour_LEDSeries2_5deg_Lustr_19;0.375;0.375;0.0;1.0;1.0;1.0;1.0;1.0;1.0;1.0;1.0;1.0;1.0;0.9903720617294312;1.0;1.0
;4_SourceFour_LEDSeries2_5deg_Lustr_19:Cyan;/lighting/fixtures/4_SourceFour_LEDSeries2_5deg_Lustr_19;0.9903720617294312;0.9903720617294312;0.0;1.0;1.0;1.0;1.0;1.0;1.0;1.0;1.0;1.0;1.0;0.9903720617294312;1.0;1.0
;4_SourceFour_LEDSeries2_5deg_Lustr_19:Blue;/lighting/fixtures/4_SourceFour_LEDSeries2_5deg_Lustr_19;0.9903720617294312;0.9903720617294312;0.0;1.0;1.0;1.0;1.0;1.0;1.0;1.0;1.0;1.0;1.0;0.9903720617294312;1.0;1.0
;4_SourceFour_LEDSeries2_5deg_Lustr_19:Indigo;/lighting/fixtures/4_SourceFour_LEDSeries2_5deg_Lustr_19;0.9903720617294312;0.9903720617294312;0.0;1.0;1.0;1.0;1.0;1.0;1.0;1.0;1.0;1.0;1.0;0.9903720617294312;1.0;1.0
Dimmer23;4_SourceFour_LEDSeries2_5deg_Lustr_19:Intensity;/lighting/fixtures/4_SourceFour_LEDSeries2_5deg_Lustr_19;0.0;0.0;0.0;0.0;0.0;0.0;0.0;0.0;0.0;0.0;0.0;0.0;0.0;0.0;0.0;0.0
;4_SourceFour_LEDSeries2_5deg_Lustr_19:Strobe;/lighting/fixtures/4_SourceFour_LEDSeries2_5deg_Lustr_19;0.0;0.0;0.0;0.0;0.0;0.0;0.0;0.0;0.0;0.0;0.0;0.0;0.0;0.0;0.0;0.0
;4_SourceFour_LEDSeries2_5deg_Lustr_19:Fanctrl;/lighting/fixtures/4_SourceFour_LEDSeries2_5deg_Lustr_19;0.0;0.0;0.0;0.0;0.0;0.0;0.0;0.0;0.0;0.0;0.0;0.0;0.0;0.0;0.0;0.0
;4_SourceFour_LEDSeries2_5deg_Lustr_20:Red;/lighting/fixtures/4_SourceFour_LEDSeries2_5deg_Lustr_20;0.16599999368190765;0.16599999368190765;0.0;1.0;1.0;1.0;1.0;1.0;1.0;1.0;1.0;1.0;1.0;0.9903720617294312;1.0;1.0
;4_SourceFour_LEDSeries2_5deg_Lustr_20:Lime;/lighting/fixtures/4_SourceFour_LEDSeries2_5deg_Lustr_20;0.27000001072883606;0.27000001072883606;0.0;1.0;1.0;1.0;1.0;1.0;1.0;1.0;1.0;1.0;1.0;0.9903720617294312;1.0;1.0
;4_SourceFour_LEDSeries2_5deg_Lustr_20:Amber;/lighting/fixtures/4_SourceFour_LEDSeries2_5deg_Lustr_20;0.22599999606609344;0.22599999606609344;0.0;1.0;1.0;1.0;1.0;1.0;1.0;1.0;1.0;1.0;1.0;0.9903720617294312;1.0;1.0
;4_SourceFour_LEDSeries2_5deg_Lustr_20:Green;/lighting/fixtures/4_SourceFour_LEDSeries2_5deg_Lustr_20;0.375;0.375;0.0;1.0;1.0;1.0;1.0;1.0;1.0;1.0;1.0;1.0;1.0;0.9903720617294312;1.0;1.0
;4_SourceFour_LEDSeries2_5deg_Lustr_20:Cyan;/lighting/fixtures/4_SourceFour_LEDSeries2_5deg_Lustr_20;0.9903720617294312;0.9903720617294312;0.0;1.0;1.0;1.0;1.0;1.0;1.0;1.0;1.0;1.0;1.0;0.9903720617294312;1.0;1.0
;4_SourceFour_LEDSeries2_5deg_Lustr_20:Blue;/lighting/fixtures/4_SourceFour_LEDSeries2_5deg_Lustr_20;0.9903720617294312;0.9903720617294312;0.0;1.0;1.0;1.0;1.0;1.0;1.0;1.0;1.0;1.0;1.0;0.9903720617294312;1.0;1.0
;4_SourceFour_LEDSeries2_5deg_Lustr_20:Indigo;/lighting/fixtures/4_SourceFour_LEDSeries2_5deg_Lustr_20;0.9903720617294312;0.9903720617294312;0.0;1.0;1.0;1.0;1.0;1.0;1.0;1.0;1.0;1.0;1.0;0.9903720617294312;1.0;1.0
Dimmer24;4_SourceFour_LEDSeries2_5deg_Lustr_20:Intensity;/lighting/fixtures/4_SourceFour_LEDSeries2_5deg_Lustr_20;0.0;0.0;0.0;0.0;0.0;0.0;0.0;0.0;0.0;0.0;0.0;0.0;0.0;0.0;0.0;0.0
;4_SourceFour_LEDSeries2_5deg_Lustr_20:Strobe;/lighting/fixtures/4_SourceFour_LEDSeries2_5deg_Lustr_20;0.0;0.0;0.0;0.0;0.0;0.0;0.0;0.0;0.0;0.0;0.0;0.0;0.0;0.0;0.0;0.0
;4_SourceFour_LEDSeries2_5deg_Lustr_20:Fanctrl;/lighting/fixtures/4_SourceFour_LEDSeries2_5deg_Lustr_20;0.0;0.0;0.0;0.0;0.0;0.0;0.0;0.0;0.0;0.0;0.0;0.0;0.0;0.0;0.0;0.0
Dimmer25;5_Eurolite_LEDPFE_100RGBW_1:Intensity;/lighting/fixtures/5_Eurolite_LEDPFE_100RGBW_1;0.0;0.0;0.10361690074205399;0.0;0.0;0.0;0.0;0.0;0.0;0.0;0.0;0.0;0.0;0.0;0.0;0.0
;5_Eurolite_LEDPFE_100RGBW_1:Red;/lighting/fixtures/5_Eurolite_LEDPFE_100RGBW_1;0.9903720617294312;0.9903720617294312;0.0;0.0;0.0;0.0;1.0;1.0;1.0;1.0;1.0;1.0;1.0;0.9903720617294312;1.0;1.0
;5_Eurolite_LEDPFE_100RGBW_1:Green;/lighting/fixtures/5_Eurolite_LEDPFE_100RGBW_1;0.9903720617294312;0.9903720617294312;0.0;0.0;0.0;0.0;1.0;1.0;1.0;1.0;1.0;1.0;1.0;0.9903720617294312;1.0;1.0
;5_Eurolite_LEDPFE_100RGBW_1:Blue;/lighting/fixtures/5_Eurolite_LEDPFE_100RGBW_1;0.9903720617294312;0.9903720617294312;0.0;0.0;0.0;0.0;1.0;1.0;1.0;1.0;1.0;1.0;1.0;0.9903720617294312;1.0;1.0
;5_Eurolite_LEDPFE_100RGBW_1:White;/lighting/fixtures/5_Eurolite_LEDPFE_100RGBW_1;0.9903720617294312;0.9903720617294312;0.0;0.0;0.0;0.0;1.0;1.0;1.0;1.0;1.0;1.0;1.0;0.9903720617294312;1.0;1.0
;5_Eurolite_LEDPFE_100RGBW_1:Strobe;/lighting/fixtures/5_Eurolite_LEDPFE_100RGBW_1;0.0;0.0;0.0;0.0;0.0;0.0;0.0;0.0;0.0;0.0;0.0;0.0;0.0;0.0;0.0;0.0
;5_Eurolite_LEDPFE_100RGBW_1:Color;/lighting/fixtures/5_Eurolite_LEDPFE_100RGBW_1;0.0;0.0;0.0;0.0;0.0;0.0;0.0;0.0;0.0;0.0;0.0;0.0;0.0;0.0;0.0;0.0
;5_Eurolite_LEDPFE_100RGBW_1:Colorchgfade;/lighting/fixtures/5_Eurolite_LEDPFE_100RGBW_1;0.0;0.0;0.0;0.0;0.0;0.0;0.0;0.0;0.0;0.0;0.0;0.0;0.0;0.0;0.0;0.0
;5_Eurolite_LEDPFE_100RGBW_1:Dimspd;/lighting/fixtures/5_Eurolite_LEDPFE_100RGBW_1;0.0;0.0;0.0;0.0;0.0;0.0;0.0;0.0;0.0;0.0;0.0;0.0;0.0;0.0;0.0;0.0
Dimmer26;7_Spotlight_Hyperion300PC_6C_1:Intensity;/lighting/fixtures/7_Spotlight_Hyperion300PC_6C_1;0.7289999723434448;0.0;0.0;0.0;0.0;0.0;0.0;0.0;0.0;0.0;0.0;0.5590000152587891;0.6110000014305115;0.0;0.0;0.6110000014305115
;7_Spotlight_Hyperion300PC_6C_1:Red;/lighting/fixtures/7_Spotlight_Hyperion300PC_6C_1;0.0;0.0;0.0;0.0;0.0;0.0;0.0;0.0;0.0;0.0;0.0;0.628000020980835;0.42500001192092896;0.0;0.0;0.42500001192092896
;7_Spotlight_Hyperion300PC_6C_1:Green;/lighting/fixtures/7_Spotlight_Hyperion300PC_6C_1;0.0;0.0;0.0;0.7329999804496765;0.7329999804496765;0.6029999852180481;0.0;0.0;0.0;0.0;0.0;0.49399998784065247;0.49399998784065247;0.0;0.0;0.49399998784065247
;7_Spotlight_Hyperion300PC_6C_1:Blue;/lighting/fixtures/7_Spotlight_Hyperion300PC_6C_1;0.6679999828338623;0.6679999828338623;0.0;0.0;0.0;0.7409999966621399;0.0;0.0;0.0;0.0;0.0;0.0;0.0;0.0;0.0;0.0
;7_Spotlight_Hyperion300PC_6C_1:Amber;/lighting/fixtures/7_Spotlight_Hyperion300PC_6C_1;0.7369999885559082;0.7369999885559082;0.0;0.0;0.0;0.0;0.0;0.0;0.0;0.0;0.0;0.7039999961853027;0.7039999961853027;0.0;0.0;0.7039999961853027
;7_Spotlight_Hyperion300PC_6C_1:Cyan;/lighting/fixtures/7_Spotlight_Hyperion300PC_6C_1;0.9639999866485596;0.9639999866485596;0.0;0.0;0.0;0.0;0.0;0.0;0.0;0.0;0.0;0.0;0.0;0.0;0.0;0.0
;7_Spotlight_Hyperion300PC_6C_1:Lime;/lighting/fixtures/7_Spotlight_Hyperion300PC_6C_1;0.0;0.0;0.0;0.0;0.0;0.0;0.0;0.0;0.0;0.0;0.0;0.2590000033378601;0.2590000033378601;0.0;0.0;0.2590000033378601
;7_Spotlight_Hyperion300PC_6C_1:Strobe;/lighting/fixtures/7_Spotlight_Hyperion300PC_6C_1;0.0;0.0;0.0;0.0;0.0;0.0;0.0;0.0;0.0;0.0;0.0;0.0;0.0;0.0;0.0;0.0
;7_Spotlight_Hyperion300PC_6C_1:Service;/lighting/fixtures/7_Spotlight_Hyperion300PC_6C_1;0.0;0.0;0.0;0.0;0.0;0.0;0.0;0.0;0.0;0.0;0.0;0.0;0.0;0.0;0.0;0.0
Dimmer27;7_Spotlight_Hyperion300PC_6C_2:Intensity;/lighting/fixtures/7_Spotlight_Hyperion300PC_6C_2;0.0;0.0;0.0;0.0;0.0;0.0;0.0;0.0;0.0;0.0;0.0;0.0;0.0;0.0;0.7649999856948853;0.0
;7_Spotlight_Hyperion300PC_6C_2:Red;/lighting/fixtures/7_Spotlight_Hyperion300PC_6C_2;0.0;0.0;0.0;0.0;0.0;0.0;0.0;0.0;0.4090000092983246;0.4090000092983246;0.4090000092983246;0.4090000092983246;0.4090000092983246;0.0;0.4090000092983246;0.4090000092983246
;7_Spotlight_Hyperion300PC_6C_2:Green;/lighting/fixtures/7_Spotlight_Hyperion300PC_6C_2;0.0;0.0;0.0;0.0;0.0;0.0;0.0;0.0;0.4860000014305115;0.4860000014305115;0.4860000014305115;0.4860000014305115;0.4860000014305115;0.0;0.4860000014305115;0.4860000014305115
;7_Spotlight_Hyperion300PC_6C_2:Blue;/lighting/fixtures/7_Spotlight_Hyperion300PC_6C_2;0.0;0.0;0.0;0.5339999794960022;0.5339999794960022;0.5339999794960022;0.0;0.0;0.43700000643730164;0.43700000643730164;0.43700000643730164;0.43700000643730164;0.43700000643730164;0.0;0.43700000643730164;0.43700000643730164
;7_Spotlight_Hyperion300PC_6C_2:Amber;/lighting/fixtures/7_Spotlight_Hyperion300PC_6C_2;0.0;0.0;0.0;0.0;0.0;0.0;0.0;0.0;0.4449999928474426;0.4449999928474426;0.4449999928474426;0.4449999928474426;0.4449999928474426;0.0;0.4449999928474426;0.4449999928474426
;7_Spotlight_Hyperion300PC_6C_2:Cyan;/lighting/fixtures/7_Spotlight_Hyperion300PC_6C_2;0.0;0.0;0.0;0.0;0.0;0.0;0.0;0.0;0.453000009059906;0.453000009059906;0.453000009059906;0.453000009059906;0.453000009059906;0.0;0.453000009059906;0.453000009059906
;7_Spotlight_Hyperion300PC_6C_2:Lime;/lighting/fixtures/7_Spotlight_Hyperion300PC_6C_2;0.0;0.0;0.0;0.7129999995231628;0.7129999995231628;0.7129999995231628;0.0;0.0;0.4779999852180481;0.4779999852180481;0.4779999852180481;0.4779999852180481;0.4779999852180481;0.0;0.4779999852180481;0.4779999852180481
;7_Spotlight_Hyperion300PC_6C_2:Strobe;/lighting/fixtures/7_Spotlight_Hyperion300PC_6C_2;0.0;0.0;0.0;0.0;0.0;0.0;0.0;0.0;0.0;0.0;0.0;0.0;0.0;0.0;0.0;0.0
;7_Spotlight_Hyperion300PC_6C_2:Service;/lighting/fixtures/7_Spotlight_Hyperion300PC_6C_2;0.0;0.0;0.0;0.0;0.0;0.0;0.0;0.0;0.0;0.0;0.0;0.0;0.0;0.0;0.0;0.0
Dimmer28;7_Spotlight_Hyperion300PC_6C_3:Intensity;/lighting/fixtures/7_Spotlight_Hyperion300PC_6C_3;0.36000001430511475;0.0;0.0;0.0;0.0;0.0;0.0;0.0;0.0;0.0;0.0;0.0;0.0;0.0;0.30000001192092896;0.0
;7_Spotlight_Hyperion300PC_6C_3:Red;/lighting/fixtures/7_Spotlight_Hyperion300PC_6C_3;0.7289999723434448;0.7289999723434448;0.0;0.0;0.0;0.0;0.0;0.0;0.0;0.0;0.0;0.0;0.0;0.0;0.0;0.0
;7_Spotlight_Hyperion300PC_6C_3:Green;/lighting/fixtures/7_Spotlight_Hyperion300PC_6C_3;1.0;1.0;0.0;0.0;0.0;0.0;0.0;0.0;0.0;0.0;0.0;0.0;0.0;0.0;0.0;0.0
;7_Spotlight_Hyperion300PC_6C_3:Blue;/lighting/fixtures/7_Spotlight_Hyperion300PC_6C_3;1.0;1.0;0.0;0.4699999988079071;0.4699999988079071;0.4699999988079071;0.0;0.0;0.4129999876022339;0.4129999876022339;0.4129999876022339;0.4129999876022339;0.4129999876022339;0.0;0.4129999876022339;0.4129999876022339
;7_Spotlight_Hyperion300PC_6C_3:Amber;/lighting/fixtures/7_Spotlight_Hyperion300PC_6C_3;0.8659999966621399;0.8659999966621399;0.0;0.0;0.0;0.0;0.0;0.0;0.42100000381469727;0.42100000381469727;0.42100000381469727;0.42100000381469727;0.42100000381469727;0.0;0.42100000381469727;0.42100000381469727
;7_Spotlight_Hyperion300PC_6C_3:Cyan;/lighting/fixtures/7_Spotlight_Hyperion300PC_6C_3;1.0;1.0;0.0;0.0;0.0;0.0;0.0;0.0;0.42500001192092896;0.42500001192092896;0.42500001192092896;0.42500001192092896;0.42500001192092896;0.0;0.42500001192092896;0.42500001192092896
;7_Spotlight_Hyperion300PC_6C_3:Lime;/lighting/fixtures/7_Spotlight_Hyperion300PC_6C_3;1.0;1.0;0.0;0.6959999799728394;0.6959999799728394;0.6959999799728394;0.0;0.0;0.4449999928474426;0.4449999928474426;0.4449999928474426;0.4449999928474426;0.4449999928474426;0.0;0.4449999928474426;0.4449999928474426
;7_Spotlight_Hyperion300PC_6C_3:Strobe;/lighting/fixtures/7_Spotlight_Hyperion300PC_6C_3;0.0;0.0;0.0;0.0;0.0;0.0;0.0;0.0;0.0;0.0;0.0;0.0;0.0;0.0;0.0;0.0
;7_Spotlight_Hyperion300PC_6C_3:Service;/lighting/fixtures/7_Spotlight_Hyperion300PC_6C_3;0.0;0.0;0.0;0.0;0.0;0.0;0.0;0.0;0.0;0.0;0.0;0.0;0.0;0.0;0.0;0.0
Dimmer29;7_Spotlight_Hyperion300PC_6C_4:Intensity;/lighting/fixtures/7_Spotlight_Hyperion300PC_6C_4;0.36000001430511475;0.0;0.0;0.0;0.0;0.43700000643730164;0.0;0.0;0.0;0.0;0.0;0.0;0.0;0.0;0.37700000405311584;0.0
;7_Spotlight_Hyperion300PC_6C_4:Red;/lighting/fixtures/7_Spotlight_Hyperion300PC_6C_4;0.7289999723434448;0.7289999723434448;0.0;0.0;0.0;0.0;0.0;0.0;0.38499999046325684;0.38499999046325684;0.38499999046325684;0.38499999046325684;0.38499999046325684;0.0;0.38499999046325684;0.38499999046325684
;7_Spotlight_Hyperion300PC_6C_4:Green;/lighting/fixtures/7_Spotlight_Hyperion300PC_6C_4;1.0;1.0;0.0;0.0;0.0;0.0;0.0;0.0;0.43700000643730164;0.43700000643730164;0.43700000643730164;0.43700000643730164;0.43700000643730164;0.0;0.43700000643730164;0.43700000643730164
;7_Spotlight_Hyperion300PC_6C_4:Blue;/lighting/fixtures/7_Spotlight_Hyperion300PC_6C_4;1.0;1.0;0.0;0.0;0.0;0.6600000262260437;0.0;0.0;0.5910000205039978;0.5910000205039978;0.5910000205039978;0.5910000205039978;0.5910000205039978;0.0;0.5910000205039978;0.5910000205039978
;7_Spotlight_Hyperion300PC_6C_4:Amber;/lighting/fixtures/7_Spotlight_Hyperion300PC_6C_4;0.8659999966621399;0.8659999966621399;0.0;0.0;0.0;0.0;0.0;0.0;0.6150000095367432;0.6150000095367432;0.6150000095367432;0.6150000095367432;0.6150000095367432;0.0;0.6150000095367432;0.6150000095367432
;7_Spotlight_Hyperion300PC_6C_4:Cyan;/lighting/fixtures/7_Spotlight_Hyperion300PC_6C_4;1.0;1.0;0.0;0.0;0.0;0.6029999852180481;0.0;0.0;0.6480000019073486;0.6480000019073486;0.6480000019073486;0.6480000019073486;0.6480000019073486;0.0;0.6480000019073486;0.6480000019073486
;7_Spotlight_Hyperion300PC_6C_4:Lime;/lighting/fixtures/7_Spotlight_Hyperion300PC_6C_4;1.0;1.0;0.0;0.0;0.0;0.5870000123977661;0.0;0.0;0.656000018119812;0.656000018119812;0.656000018119812;0.656000018119812;0.656000018119812;0.0;0.656000018119812;0.656000018119812
;7_Spotlight_Hyperion300PC_6C_4:Strobe;/lighting/fixtures/7_Spotlight_Hyperion300PC_6C_4;0.0;0.0;0.0;0.0;0.0;0.0;0.0;0.0;0.0;0.0;0.0;0.0;0.0;0.0;0.0;0.0
;7_Spotlight_Hyperion300PC_6C_4:Service;/lighting/fixtures/7_Spotlight_Hyperion300PC_6C_4;0.0;0.0;0.0;0.0;0.0;0.0;0.0;0.0;0.0;0.0;0.0;0.0;0.0;0.0;0.0;0.0
Dimmer30;8_RobertJuliat_Dalis860_3_1:Dimmer;/lighting/fixtures/8_RobertJuliat_Dalis860_3_1;0.0;0.0;0.3479999899864197;0.0;0.0;0.061000000685453415;0.1860000044107437;0.0;0.0;0.21899999678134918;0.21899999678134918;0.1860000044107437;0.0;0.0;0.09700000286102295;0.0
;8_RobertJuliat_Dalis860_3_1:Red;/lighting/fixtures/8_RobertJuliat_Dalis860_3_1;0.0;0.0;0.23399999737739563;0.23399999737739563;0.23399999737739563;0.23399999737739563;0.11299999803304672;0.11299999803304672;0.11299999803304672;0.6110000014305115;0.6110000014305115;1.0;1.0;0.0;0.11299999803304672;1.0
;8_RobertJuliat_Dalis860_3_1:Green;/lighting/fixtures/8_RobertJuliat_Dalis860_3_1;0.0;0.0;0.0;0.0;0.0;0.0;0.0;0.0;0.0;0.0;0.0;0.1420000046491623;0.1420000046491623;0.0;0.0;0.1420000046491623
;8_RobertJuliat_Dalis860_3_1:Blue;/lighting/fixtures/8_RobertJuliat_Dalis860_3_1;0.2931501269340515;0.2931501269340515;1.0;1.0;1.0;1.0;1.0;1.0;1.0;1.0;1.0;0.10100000351667404;0.10100000351667404;0.2931501269340515;1.0;0.10100000351667404
;8_RobertJuliat_Dalis860_3_1:Uv;/lighting/fixtures/8_RobertJuliat_Dalis860_3_1;0.0;0.0;0.0;0.0;0.0;0.0;0.0;0.0;0.0;0.0;0.0;0.0;0.0;0.0;0.0;0.0
;8_RobertJuliat_Dalis860_3_1:Cyan;/lighting/fixtures/8_RobertJuliat_Dalis860_3_1;0.0;0.0;0.0;0.0;0.0;0.0;0.03999999910593033;0.03999999910593033;0.03999999910593033;0.03999999910593033;0.03999999910593033;0.03999999910593033;0.03999999910593033;0.0;0.03999999910593033;0.03999999910593033
;8_RobertJuliat_Dalis860_3_1:Amber;/lighting/fixtures/8_RobertJuliat_Dalis860_3_1;0.0;0.0;0.0;0.0;0.0;0.0;0.0;0.0;0.0;0.0;0.0;0.0;0.0;0.0;0.0;0.0
;8_RobertJuliat_Dalis860_3_1:Coolwhite;/lighting/fixtures/8_RobertJuliat_Dalis860_3_1;0.32880350947380066;0.32880350947380066;0.027;0.027;0.027000000700354576;0.31200000643730164;0.1289999932050705;0.1289999932050705;0.1289999932050705;0.1289999932050705;0.1289999932050705;0.1289999932050705;0.1289999932050705;0.32880350947380066;0.1289999932050705;0.1289999932050705
;8_RobertJuliat_Dalis860_3_1:Warmwhite;/lighting/fixtures/8_RobertJuliat_Dalis860_3_1;0.0;0.0;0.0;0.0;0.0;0.0;0.0;0.0;0.1899999976158142;0.1899999976158142;0.1899999976158142;0.1899999976158142;0.1899999976158142;0.0;0.1899999976158142;0.1899999976158142
;8_RobertJuliat_Dalis860_3_1:Strobedur;/lighting/fixtures/8_RobertJuliat_Dalis860_3_1;0.0;0.0;0.0;0.0;0.0;0.0;0.0;0.0;0.0;0.0;0.0;0.0;0.0;0.0;0.0;0.0
;8_RobertJuliat_Dalis860_3_1:Strobe;/lighting/fixtures/8_RobertJuliat_Dalis860_3_1;0.0;0.0;0.0;0.0;0.0;0.0;0.0;0.0;0.0;0.0;0.0;0.0;0.0;0.0;0.0;0.0
;8_RobertJuliat_Dalis860_3_1:Resptime;/lighting/fixtures/8_RobertJuliat_Dalis860_3_1;0.3486109673976898;0.3486109673976898;0.0;0.0;0.0;0.0;0.35199999809265137;0.35199999809265137;0.35199999809265137;0.35199999809265137;0.35199999809265137;0.35199999809265137;0.35199999809265137;0.3486109673976898;0.35199999809265137;0.35199999809265137
;8_RobertJuliat_Dalis860_3_1:Pot;/lighting/fixtures/8_RobertJuliat_Dalis860_3_1;0.0;0.0;0.0;0.0;0.0;0.0;0.0;0.0;0.0;0.0;0.0;0.0;0.0;0.0;0.0;0.0
Dimmer31;8_RobertJuliat_Dalis860_3_2:Dimmer;/lighting/fixtures/8_RobertJuliat_Dalis860_3_2;0.0;0.0;0.3479999899864197;0.0;0.0;0.061000000685453415;0.1860000044107437;0.0;0.0;0.21899999678134918;0.21899999678134918;0.1860000044107437;0.0;0.0;0.09700000286102295;0.0
;8_RobertJuliat_Dalis860_3_2:Red;/lighting/fixtures/8_RobertJuliat_Dalis860_3_2;0.0;0.0;0.23399999737739563;0.23399999737739563;0.23399999737739563;0.23399999737739563;0.11299999803304672;0.11299999803304672;0.11299999803304672;0.6110000014305115;0.6110000014305115;1.0;1.0;0.0;0.11299999803304672;1.0
;8_RobertJuliat_Dalis860_3_2:Green;/lighting/fixtures/8_RobertJuliat_Dalis860_3_2;0.0;0.0;0.0;0.0;0.0;0.0;0.0;0.0;0.0;0.0;0.0;0.1420000046491623;0.1420000046491623;0.0;0.0;0.1420000046491623
;8_RobertJuliat_Dalis860_3_2:Blue;/lighting/fixtures/8_RobertJuliat_Dalis860_3_2;0.2931501269340515;0.2931501269340515;1.0;1.0;1.0;1.0;1.0;1.0;1.0;1.0;1.0;0.10100000351667404;0.10100000351667404;0.2931501269340515;1.0;0.10100000351667404
;8_RobertJuliat_Dalis860_3_2:Uv;/lighting/fixtures/8_RobertJuliat_Dalis860_3_2;0.0;0.0;0.0;0.0;0.0;0.0;0.0;0.0;0.0;0.0;0.0;0.0;0.0;0.0;0.0;0.0
;8_RobertJuliat_Dalis860_3_2:Cyan;/lighting/fixtures/8_RobertJuliat_Dalis860_3_2;0.0;0.0;0.0;0.0;0.0;0.0;0.03999999910593033;0.03999999910593033;0.03999999910593033;0.03999999910593033;0.03999999910593033;0.03999999910593033;0.03999999910593033;0.0;0.03999999910593033;0.03999999910593033
;8_RobertJuliat_Dalis860_3_2:Amber;/lighting/fixtures/8_RobertJuliat_Dalis860_3_2;0.0;0.0;0.0;0.0;0.0;0.0;0.0;0.0;0.0;0.0;0.0;0.0;0.0;0.0;0.0;0.0
;8_RobertJuliat_Dalis860_3_2:Coolwhite;/lighting/fixtures/8_RobertJuliat_Dalis860_3_2;0.32880350947380066;0.32880350947380066;0.027;0.027;0.027000000700354576;0.31200000643730164;0.1289999932050705;0.1289999932050705;0.1289999932050705;0.1289999932050705;0.1289999932050705;0.1289999932050705;0.1289999932050705;0.32880350947380066;0.1289999932050705;0.1289999932050705
;8_RobertJuliat_Dalis860_3_2:Warmwhite;/lighting/fixtures/8_RobertJuliat_Dalis860_3_2;0.0;0.0;0.0;0.0;0.0;0.0;0.0;0.0;0.1899999976158142;0.1899999976158142;0.1899999976158142;0.1899999976158142;0.1899999976158142;0.0;0.1899999976158142;0.1899999976158142
;8_RobertJuliat_Dalis860_3_2:Strobedur;/lighting/fixtures/8_RobertJuliat_Dalis860_3_2;0.0;0.0;0.0;0.0;0.0;0.0;0.0;0.0;0.0;0.0;0.0;0.0;0.0;0.0;0.0;0.0
;8_RobertJuliat_Dalis860_3_2:Strobe;/lighting/fixtures/8_RobertJuliat_Dalis860_3_2;0.0;0.0;0.0;0.0;0.0;0.0;0.0;0.0;0.0;0.0;0.0;0.0;0.0;0.0;0.0;0.0
;8_RobertJuliat_Dalis860_3_2:Resptime;/lighting/fixtures/8_RobertJuliat_Dalis860_3_2;0.3486109673976898;0.3486109673976898;0.0;0.0;0.0;0.0;0.35199999809265137;0.35199999809265137;0.35199999809265137;0.35199999809265137;0.35199999809265137;0.35199999809265137;0.35199999809265137;0.3486109673976898;0.35199999809265137;0.35199999809265137
;8_RobertJuliat_Dalis860_3_2:Pot;/lighting/fixtures/8_RobertJuliat_Dalis860_3_2;0.0;0.0;0.0;0.0;0.0;0.0;0.0;0.0;0.0;0.0;0.0;0.0;0.0;0.0;0.0;0.0
Dimmer32;8_RobertJuliat_Dalis860_3_3:Dimmer;/lighting/fixtures/8_RobertJuliat_Dalis860_3_3;0.0;0.0;0.3479999899864197;0.0;0.0;0.08900000154972076;0.1860000044107437;0.0;0.0;0.21899999678134918;0.21899999678134918;0.1860000044107437;0.0;0.0;0.09700000286102295;0.0
;8_RobertJuliat_Dalis860_3_3:Red;/lighting/fixtures/8_RobertJuliat_Dalis860_3_3;0.0;0.0;0.23399999737739563;0.23399999737739563;0.23399999737739563;0.23399999737739563;0.11299999803304672;0.11299999803304672;0.11299999803304672;0.6110000014305115;0.6110000014305115;1.0;1.0;0.0;0.11299999803304672;1.0
;8_RobertJuliat_Dalis860_3_3:Green;/lighting/fixtures/8_RobertJuliat_Dalis860_3_3;0.0;0.0;0.0;0.0;0.0;0.0;0.0;0.0;0.0;0.0;0.0;0.1420000046491623;0.1420000046491623;0.0;0.0;0.1420000046491623
;8_RobertJuliat_Dalis860_3_3:Blue;/lighting/fixtures/8_RobertJuliat_Dalis860_3_3;0.2931501269340515;0.2931501269340515;1.0;1.0;1.0;1.0;1.0;1.0;1.0;1.0;1.0;0.10100000351667404;0.10100000351667404;0.2931501269340515;1.0;0.10100000351667404
;8_RobertJuliat_Dalis860_3_3:Uv;/lighting/fixtures/8_RobertJuliat_Dalis860_3_3;0.0;0.0;0.0;0.0;0.0;0.0;0.0;0.0;0.0;0.0;0.0;0.0;0.0;0.0;0.0;0.0
;8_RobertJuliat_Dalis860_3_3:Cyan;/lighting/fixtures/8_RobertJuliat_Dalis860_3_3;0.0;0.0;0.0;0.0;0.0;0.0;0.03999999910593033;0.03999999910593033;0.03999999910593033;0.03999999910593033;0.03999999910593033;0.03999999910593033;0.03999999910593033;0.0;0.03999999910593033;0.03999999910593033
;8_RobertJuliat_Dalis860_3_3:Amber;/lighting/fixtures/8_RobertJuliat_Dalis860_3_3;0.0;0.0;0.0;0.0;0.0;0.0;0.0;0.0;0.0;0.0;0.0;0.0;0.0;0.0;0.0;0.0
;8_RobertJuliat_Dalis860_3_3:Coolwhite;/lighting/fixtures/8_RobertJuliat_Dalis860_3_3;0.32880350947380066;0.32880350947380066;0.027;0.027;0.027000000700354576;0.31200000643730164;0.1289999932050705;0.1289999932050705;0.1289999932050705;0.1289999932050705;0.1289999932050705;0.1289999932050705;0.1289999932050705;0.32880350947380066;0.1289999932050705;0.1289999932050705
;8_RobertJuliat_Dalis860_3_3:Warmwhite;/lighting/fixtures/8_RobertJuliat_Dalis860_3_3;0.0;0.0;0.0;0.0;0.0;0.0;0.0;0.0;0.1899999976158142;0.1899999976158142;0.1899999976158142;0.1899999976158142;0.1899999976158142;0.0;0.1899999976158142;0.1899999976158142
;8_RobertJuliat_Dalis860_3_3:Strobedur;/lighting/fixtures/8_RobertJuliat_Dalis860_3_3;0.0;0.0;0.0;0.0;0.0;0.0;0.0;0.0;0.0;0.0;0.0;0.0;0.0;0.0;0.0;0.0
;8_RobertJuliat_Dalis860_3_3:Strobe;/lighting/fixtures/8_RobertJuliat_Dalis860_3_3;0.0;0.0;0.0;0.0;0.0;0.0;0.0;0.0;0.0;0.0;0.0;0.0;0.0;0.0;0.0;0.0
;8_RobertJuliat_Dalis860_3_3:Resptime;/lighting/fixtures/8_RobertJuliat_Dalis860_3_3;0.3486109673976898;0.3486109673976898;0.0;0.0;0.0;0.0;0.35199999809265137;0.35199999809265137;0.35199999809265137;0.35199999809265137;0.35199999809265137;0.35199999809265137;0.35199999809265137;0.3486109673976898;0.35199999809265137;0.35199999809265137
;8_RobertJuliat_Dalis860_3_3:Pot;/lighting/fixtures/8_RobertJuliat_Dalis860_3_3;0.0;0.0;0.0;0.0;0.0;0.0;0.0;0.0;0.0;0.0;0.0;0.0;0.0;0.0;0.0;0.0
Dimmer33;8_RobertJuliat_Dalis860_3_4:Dimmer;/lighting/fixtures/8_RobertJuliat_Dalis860_3_4;0.0;0.0;0.3479999899864197;0.0;0.0;0.08900000154972076;0.1860000044107437;0.0;0.0;0.21899999678134918;0.21899999678134918;0.1860000044107437;0.0;0.0;0.09700000286102295;0.0
;8_RobertJuliat_Dalis860_3_4:Red;/lighting/fixtures/8_RobertJuliat_Dalis860_3_4;0.0;0.0;0.24199999868869781;0.24199999868869781;0.24199999868869781;0.24199999868869781;0.11299999803304672;0.11299999803304672;0.11299999803304672;0.6110000014305115;0.6110000014305115;1.0;1.0;0.0;0.11299999803304672;1.0
;8_RobertJuliat_Dalis860_3_4:Green;/lighting/fixtures/8_RobertJuliat_Dalis860_3_4;0.0;0.0;0.0;0.0;0.0;0.0;0.0;0.0;0.0;0.0;0.0;0.1420000046491623;0.1420000046491623;0.0;0.0;0.1420000046491623
;8_RobertJuliat_Dalis860_3_4:Blue;/lighting/fixtures/8_RobertJuliat_Dalis860_3_4;0.2931501269340515;0.2931501269340515;1.0;1.0;1.0;1.0;1.0;1.0;1.0;1.0;1.0;0.10100000351667404;0.10100000351667404;0.2931501269340515;1.0;0.10100000351667404
;8_RobertJuliat_Dalis860_3_4:Uv;/lighting/fixtures/8_RobertJuliat_Dalis860_3_4;0.0;0.0;0.0;0.0;0.0;0.0;0.0;0.0;0.0;0.0;0.0;0.0;0.0;0.0;0.0;0.0
;8_RobertJuliat_Dalis860_3_4:Cyan;/lighting/fixtures/8_RobertJuliat_Dalis860_3_4;0.0;0.0;0.0;0.0;0.0;0.0;0.03999999910593033;0.03999999910593033;0.03999999910593033;0.03999999910593033;0.03999999910593033;0.03999999910593033;0.03999999910593033;0.0;0.03999999910593033;0.03999999910593033
;8_RobertJuliat_Dalis860_3_4:Amber;/lighting/fixtures/8_RobertJuliat_Dalis860_3_4;0.0;0.0;0.0;0.0;0.0;0.0;0.0;0.0;0.0;0.0;0.0;0.0;0.0;0.0;0.0;0.0
;8_RobertJuliat_Dalis860_3_4:Coolwhite;/lighting/fixtures/8_RobertJuliat_Dalis860_3_4;0.32880350947380066;0.32880350947380066;0.027;0.027;0.027000000700354576;0.31200000643730164;0.1289999932050705;0.1289999932050705;0.1289999932050705;0.1289999932050705;0.1289999932050705;0.1289999932050705;0.1289999932050705;0.32880350947380066;0.1289999932050705;0.1289999932050705
;8_RobertJuliat_Dalis860_3_4:Warmwhite;/lighting/fixtures/8_RobertJuliat_Dalis860_3_4;0.0;0.0;0.0;0.0;0.0;0.0;0.0;0.0;0.1899999976158142;0.1899999976158142;0.1899999976158142;0.1899999976158142;0.1899999976158142;0.0;0.1899999976158142;0.1899999976158142
;8_RobertJuliat_Dalis860_3_4:Strobedur;/lighting/fixtures/8_RobertJuliat_Dalis860_3_4;0.0;0.0;0.0;0.0;0.0;0.0;0.0;0.0;0.0;0.0;0.0;0.0;0.0;0.0;0.0;0.0
;8_RobertJuliat_Dalis860_3_4:Strobe;/lighting/fixtures/8_RobertJuliat_Dalis860_3_4;0.0;0.0;0.0;0.0;0.0;0.0;0.0;0.0;0.0;0.0;0.0;0.0;0.0;0.0;0.0;0.0
;8_RobertJuliat_Dalis860_3_4:Resptime;/lighting/fixtures/8_RobertJuliat_Dalis860_3_4;0.3486109673976898;0.3486109673976898;0.0;0.0;0.0;0.0;0.35199999809265137;0.35199999809265137;0.35199999809265137;0.35199999809265137;0.35199999809265137;0.35199999809265137;0.35199999809265137;0.3486109673976898;0.35199999809265137;0.35199999809265137
;8_RobertJuliat_Dalis860_3_4:Pot;/lighting/fixtures/8_RobertJuliat_Dalis860_3_4;0.0;0.0;0.0;0.0;0.0;0.0;0.0;0.0;0.0;0.0;0.0;0.0;0.0;0.0;0.0;0.0
Dimmer34;9_Eurolite_ColorSourceParDirect_1:Intensity;/lighting/fixtures/9_Eurolite_ColorSourceParDirect_1;0.0;0.0;0.0;0.0;0.0;0.0;0.0;0.0;0.0;0.0;0.0;0.0;0.0;0.0;0.0;0.0
;9_Eurolite_ColorSourceParDirect_1:Red;/lighting/fixtures/9_Eurolite_ColorSourceParDirect_1;0.4971667528152466;0.4971667528152466;0.0;0.0;0.0;0.0;0.5019999742507935;0.5019999742507935;0.5019999742507935;0.5019999742507935;0.5019999742507935;0.5019999742507935;0.5019999742507935;0.4971667528152466;0.5019999742507935;0.5019999742507935
;9_Eurolite_ColorSourceParDirect_1:Green;/lighting/fixtures/9_Eurolite_ColorSourceParDirect_1;0.5090512633323669;0.5090512633323669;0.0;0.0;0.0;0.28299999237060547;0.5139999985694885;0.5139999985694885;0.5139999985694885;0.5139999985694885;0.5139999985694885;0.5139999985694885;0.5139999985694885;0.5090512633323669;0.5139999985694885;0.5139999985694885
;9_Eurolite_ColorSourceParDirect_1:Blue;/lighting/fixtures/9_Eurolite_ColorSourceParDirect_1;0.5050897598266602;0.5050897598266602;0.0;0.0;0.0;0.3930000066757202;0.5099999904632568;0.5099999904632568;0.5099999904632568;0.5099999904632568;0.5099999904632568;0.5099999904632568;0.5099999904632568;0.5050897598266602;0.5099999904632568;0.5099999904632568
;9_Eurolite_ColorSourceParDirect_1:Lime;/lighting/fixtures/9_Eurolite_ColorSourceParDirect_1;0.6259151697158813;0.6259151697158813;0.0;0.0;0.0;0.43700000643730164;0.6320000290870667;0.6320000290870667;0.6320000290870667;0.6320000290870667;0.6320000290870667;0.6320000290870667;0.6320000290870667;0.6259151697158813;0.6320000290870667;0.6320000290870667
;9_Eurolite_ColorSourceParDirect_1:Strobe;/lighting/fixtures/9_Eurolite_ColorSourceParDirect_1;0.0;0.0;0.0;0.0;0.0;0.0;0.0;0.0;0.0;0.0;0.0;0.0;0.0;0.0;0.0;0.0
Dimmer35;9_Eurolite_ColorSourceParDirect_2:Intensity;/lighting/fixtures/9_Eurolite_ColorSourceParDirect_2;0.0;0.0;0.0;0.0;0.0;0.0;0.0;0.0;0.0;0.0;0.0;0.0;0.0;0.0;0.0;0.0
;9_Eurolite_ColorSourceParDirect_2:Red;/lighting/fixtures/9_Eurolite_ColorSourceParDirect_2;0.4971667528152466;0.4971667528152466;0.0;0.0;0.0;0.0;0.5019999742507935;0.5019999742507935;0.5019999742507935;0.5019999742507935;0.5019999742507935;0.5019999742507935;0.5019999742507935;0.4971667528152466;0.5019999742507935;0.5019999742507935
;9_Eurolite_ColorSourceParDirect_2:Green;/lighting/fixtures/9_Eurolite_ColorSourceParDirect_2;0.5090512633323669;0.5090512633323669;0.0;0.0;0.0;0.28299999237060547;0.5139999985694885;0.5139999985694885;0.5139999985694885;0.5139999985694885;0.5139999985694885;0.5139999985694885;0.5139999985694885;0.5090512633323669;0.5139999985694885;0.5139999985694885
;9_Eurolite_ColorSourceParDirect_2:Blue;/lighting/fixtures/9_Eurolite_ColorSourceParDirect_2;0.5050897598266602;0.5050897598266602;0.0;0.0;0.0;0.3930000066757202;0.5099999904632568;0.5099999904632568;0.5099999904632568;0.5099999904632568;0.5099999904632568;0.5099999904632568;0.5099999904632568;0.5050897598266602;0.5099999904632568;0.5099999904632568
;9_Eurolite_ColorSourceParDirect_2:Lime;/lighting/fixtures/9_Eurolite_ColorSourceParDirect_2;0.6259151697158813;0.6259151697158813;0.0;0.0;0.0;0.43700000643730164;0.6320000290870667;0.6320000290870667;0.6320000290870667;0.6320000290870667;0.6320000290870667;0.6320000290870667;0.6320000290870667;0.6259151697158813;0.6320000290870667;0.6320000290870667
;9_Eurolite_ColorSourceParDirect_2:Strobe;/lighting/fixtures/9_Eurolite_ColorSourceParDirect_2;0.0;0.0;0.0;0.0;0.0;0.0;0.0;0.0;0.0;0.0;0.0;0.0;0.0;0.0;0.0;0.0
Dimmer36;9_Eurolite_ColorSourceParDirect_3:Intensity;/lighting/fixtures/9_Eurolite_ColorSourceParDirect_3;0.0;0.0;0.0;0.1870000002384186;0.0;0.0;0.0;0.0;0.0;0.0;0.0;0.0;0.0;0.0;0.0;0.0
;9_Eurolite_ColorSourceParDirect_3:Red;/lighting/fixtures/9_Eurolite_ColorSourceParDirect_3;0.4971667528152466;0.4971667528152466;0.0;0.42899999022483826;0.42899999022483826;0.42899999022483826;0.5019999742507935;0.5019999742507935;0.5019999742507935;0.5019999742507935;0.5019999742507935;0.5019999742507935;0.5019999742507935;0.4971667528152466;0.5019999742507935;0.5019999742507935
;9_Eurolite_ColorSourceParDirect_3:Green;/lighting/fixtures/9_Eurolite_ColorSourceParDirect_3;0.5090512633323669;0.5090512633323669;0.0;0.453000009059906;0.453000009059906;0.28299999237060547;0.5139999985694885;0.5139999985694885;0.5139999985694885;0.5139999985694885;0.5139999985694885;0.5139999985694885;0.5139999985694885;0.5090512633323669;0.5139999985694885;0.5139999985694885
;9_Eurolite_ColorSourceParDirect_3:Blue;/lighting/fixtures/9_Eurolite_ColorSourceParDirect_3;0.5050897598266602;0.5050897598266602;0.0;0.5669999718666077;0.5669999718666077;0.3930000066757202;0.5099999904632568;0.5099999904632568;0.5099999904632568;0.5099999904632568;0.5099999904632568;0.5099999904632568;0.5099999904632568;0.5050897598266602;0.5099999904632568;0.5099999904632568
;9_Eurolite_ColorSourceParDirect_3:Lime;/lighting/fixtures/9_Eurolite_ColorSourceParDirect_3;0.6259151697158813;0.6259151697158813;0.0;0.4819999933242798;0.4819999933242798;0.43700000643730164;0.6320000290870667;0.6320000290870667;0.6320000290870667;0.6320000290870667;0.6320000290870667;0.6320000290870667;0.6320000290870667;0.6259151697158813;0.6320000290870667;0.6320000290870667
;9_Eurolite_ColorSourceParDirect_3:Strobe;/lighting/fixtures/9_Eurolite_ColorSourceParDirect_3;0.0;0.0;0.0;0.0;0.0;0.0;0.0;0.0;0.0;0.0;0.0;0.0;0.0;0.0;0.0;0.0
Dimmer37;9_Eurolite_ColorSourceParDirect_4:Intensity;/lighting/fixtures/9_Eurolite_ColorSourceParDirect_4;0.0;0.0;0.0;0.0;0.0;0.0;0.0;0.0;0.0;0.0;0.0;0.0;0.0;0.0;0.0;0.0
;9_Eurolite_ColorSourceParDirect_4:Red;/lighting/fixtures/9_Eurolite_ColorSourceParDirect_4;0.4971667528152466;0.4971667528152466;0.0;0.3970000147819519;0.3970000147819519;0.3970000147819519;0.5019999742507935;0.5019999742507935;0.5019999742507935;0.5019999742507935;0.5019999742507935;0.5019999742507935;0.5019999742507935;0.4971667528152466;0.5019999742507935;0.5019999742507935
;9_Eurolite_ColorSourceParDirect_4:Green;/lighting/fixtures/9_Eurolite_ColorSourceParDirect_4;0.5090512633323669;0.5090512633323669;0.0;0.4819999933242798;0.4819999933242798;0.28299999237060547;0.5139999985694885;0.5139999985694885;0.5139999985694885;0.5139999985694885;0.5139999985694885;0.5139999985694885;0.5139999985694885;0.5090512633323669;0.5139999985694885;0.5139999985694885
;9_Eurolite_ColorSourceParDirect_4:Blue;/lighting/fixtures/9_Eurolite_ColorSourceParDirect_4;0.5050897598266602;0.5050897598266602;0.0;0.0;0.0;0.3930000066757202;0.5099999904632568;0.5099999904632568;0.5099999904632568;0.5099999904632568;0.5099999904632568;0.5099999904632568;0.5099999904632568;0.5050897598266602;0.5099999904632568;0.5099999904632568
;9_Eurolite_ColorSourceParDirect_4:Lime;/lighting/fixtures/9_Eurolite_ColorSourceParDirect_4;0.6259151697158813;0.6259151697158813;0.0;0.0;0.0;0.43700000643730164;0.6320000290870667;0.6320000290870667;0.6320000290870667;0.6320000290870667;0.6320000290870667;0.6320000290870667;0.6320000290870667;0.6259151697158813;0.6320000290870667;0.6320000290870667
;9_Eurolite_ColorSourceParDirect_4:Strobe;/lighting/fixtures/9_Eurolite_ColorSourceParDirect_4;0.0;0.0;0.0;0.0;0.0;0.0;0.0;0.0;0.0;0.0;0.0;0.0;0.0;0.0;0.0;0.0
Dimmer38;9_Eurolite_ColorSourceParDirect_5:Intensity;/lighting/fixtures/9_Eurolite_ColorSourceParDirect_5;0.0;0.0;0.0;0.0;0.0;0.4129999876022339;0.0;0.0;0.0;0.0;0.0;0.0;0.0;0.0;0.2669999897480011;0.0
;9_Eurolite_ColorSourceParDirect_5:Red;/lighting/fixtures/9_Eurolite_ColorSourceParDirect_5;0.4971667528152466;0.4971667528152466;0.0;0.0;0.0;0.23899999260902405;0.5019999742507935;0.5019999742507935;0.5019999742507935;0.5019999742507935;0.5019999742507935;0.5019999742507935;0.5019999742507935;0.4971667528152466;0.5019999742507935;0.5019999742507935
;9_Eurolite_ColorSourceParDirect_5:Green;/lighting/fixtures/9_Eurolite_ColorSourceParDirect_5;0.5090512633323669;0.5090512633323669;0.0;0.0;0.0;0.4129999876022339;0.5139999985694885;0.5139999985694885;0.5139999985694885;0.5139999985694885;0.5139999985694885;0.5139999985694885;0.5139999985694885;0.5090512633323669;0.5139999985694885;0.5139999985694885
;9_Eurolite_ColorSourceParDirect_5:Blue;/lighting/fixtures/9_Eurolite_ColorSourceParDirect_5;0.5050897598266602;0.5050897598266602;0.0;0.0;0.0;0.16200000047683716;0.5099999904632568;0.5099999904632568;0.5099999904632568;0.5099999904632568;0.5099999904632568;0.5099999904632568;0.5099999904632568;0.5050897598266602;0.5099999904632568;0.5099999904632568
;9_Eurolite_ColorSourceParDirect_5:Lime;/lighting/fixtures/9_Eurolite_ColorSourceParDirect_5;0.6259151697158813;0.6259151697158813;0.0;0.0;0.0;0.0;0.6320000290870667;0.6320000290870667;0.6320000290870667;0.6320000290870667;0.6320000290870667;0.6320000290870667;0.6320000290870667;0.6259151697158813;0.6320000290870667;0.6320000290870667
;9_Eurolite_ColorSourceParDirect_5:Strobe;/lighting/fixtures/9_Eurolite_ColorSourceParDirect_5;0.0;0.0;0.0;0.0;0.0;0.0;0.0;0.0;0.0;0.0;0.0;0.0;0.0;0.0;0.0;0.0
Dimmer39;9_Eurolite_ColorSourceParDirect_6:Intensity;/lighting/fixtures/9_Eurolite_ColorSourceParDirect_6;0.0;0.0;0.0;0.0;0.0;0.4129999876022339;0.0;0.0;0.43700000643730164;0.0;0.0;0.0;0.0;0.0;0.2669999897480011;0.0
;9_Eurolite_ColorSourceParDirect_6:Red;/lighting/fixtures/9_Eurolite_ColorSourceParDirect_6;0.4971667528152466;0.4971667528152466;0.0;0.0;0.0;0.23899999260902405;0.5019999742507935;0.5019999742507935;0.5019999742507935;0.5019999742507935;0.5019999742507935;0.5019999742507935;0.5019999742507935;0.4971667528152466;0.5019999742507935;0.5019999742507935
;9_Eurolite_ColorSourceParDirect_6:Green;/lighting/fixtures/9_Eurolite_ColorSourceParDirect_6;0.5090512633323669;0.5090512633323669;0.0;0.0;0.0;0.4129999876022339;0.5139999985694885;0.5139999985694885;0.5139999985694885;0.5139999985694885;0.5139999985694885;0.5139999985694885;0.5139999985694885;0.5090512633323669;0.5139999985694885;0.5139999985694885
;9_Eurolite_ColorSourceParDirect_6:Blue;/lighting/fixtures/9_Eurolite_ColorSourceParDirect_6;0.5050897598266602;0.5050897598266602;0.0;0.0;0.0;0.16200000047683716;0.5099999904632568;0.5099999904632568;0.5099999904632568;0.5099999904632568;0.5099999904632568;0.5099999904632568;0.5099999904632568;0.5050897598266602;0.5099999904632568;0.5099999904632568
;9_Eurolite_ColorSourceParDirect_6:Lime;/lighting/fixtures/9_Eurolite_ColorSourceParDirect_6;0.6259151697158813;0.6259151697158813;0.0;0.0;0.0;0.0;0.6320000290870667;0.6320000290870667;0.6320000290870667;0.6320000290870667;0.6320000290870667;0.6320000290870667;0.6320000290870667;0.6259151697158813;0.6320000290870667;0.6320000290870667
;9_Eurolite_ColorSourceParDirect_6:Strobe;/lighting/fixtures/9_Eurolite_ColorSourceParDirect_6;0.0;0.0;0.0;0.0;0.0;0.0;0.0;0.0;0.0;0.0;0.0;0.0;0.0;0.0;0.0;0.0
Dimmer40;9_Eurolite_ColorSourceParDirect_7:Intensity;/lighting/fixtures/9_Eurolite_ColorSourceParDirect_7;0.0;0.0;0.0;0.0;0.0;0.0;0.0;0.0;0.0;0.0;0.0;0.0;0.0;0.0;0.0;0.0
;9_Eurolite_ColorSourceParDirect_7:Red;/lighting/fixtures/9_Eurolite_ColorSourceParDirect_7;0.4971667528152466;0.4971667528152466;0.0;0.0;0.0;0.0;0.5019999742507935;0.5019999742507935;0.5019999742507935;0.5019999742507935;0.5019999742507935;0.5019999742507935;0.5019999742507935;0.4971667528152466;0.5019999742507935;0.5019999742507935
;9_Eurolite_ColorSourceParDirect_7:Green;/lighting/fixtures/9_Eurolite_ColorSourceParDirect_7;0.5090512633323669;0.5090512633323669;0.0;0.0;0.0;0.28299999237060547;0.5139999985694885;0.5139999985694885;0.5139999985694885;0.5139999985694885;0.5139999985694885;0.5139999985694885;0.5139999985694885;0.5090512633323669;0.5139999985694885;0.5139999985694885
;9_Eurolite_ColorSourceParDirect_7:Blue;/lighting/fixtures/9_Eurolite_ColorSourceParDirect_7;0.5050897598266602;0.5050897598266602;0.0;0.0;0.0;0.3930000066757202;0.5099999904632568;0.5099999904632568;0.5099999904632568;0.5099999904632568;0.5099999904632568;0.5099999904632568;0.5099999904632568;0.5050897598266602;0.5099999904632568;0.5099999904632568
;9_Eurolite_ColorSourceParDirect_7:Lime;/lighting/fixtures/9_Eurolite_ColorSourceParDirect_7;0.6259151697158813;0.6259151697158813;0.0;0.0;0.0;0.43700000643730164;0.6320000290870667;0.6320000290870667;0.6320000290870667;0.6320000290870667;0.6320000290870667;0.6320000290870667;0.6320000290870667;0.6259151697158813;0.6320000290870667;0.6320000290870667
;9_Eurolite_ColorSourceParDirect_7:Strobe;/lighting/fixtures/9_Eurolite_ColorSourceParDirect_7;0.0;0.0;0.0;0.0;0.0;0.0;0.0;0.0;0.0;0.0;0.0;0.0;0.0;0.0;0.0;0.0
Dimmer41;9_Eurolite_ColorSourceParDirect_8:Intensity;/lighting/fixtures/9_Eurolite_ColorSourceParDirect_8;0.0;0.0;0.0;0.0;0.0;0.0;0.0;0.0;0.0;0.0;0.0;0.0;0.0;0.0;0.0;0.0
;9_Eurolite_ColorSourceParDirect_8:Red;/lighting/fixtures/9_Eurolite_ColorSourceParDirect_8;0.4971667528152466;0.4971667528152466;0.0;0.0;0.0;0.0;0.5019999742507935;0.5019999742507935;0.5019999742507935;0.5019999742507935;0.5019999742507935;0.5019999742507935;0.5019999742507935;0.4971667528152466;0.5019999742507935;0.5019999742507935
;9_Eurolite_ColorSourceParDirect_8:Green;/lighting/fixtures/9_Eurolite_ColorSourceParDirect_8;0.5090512633323669;0.5090512633323669;0.0;0.0;0.0;0.28299999237060547;0.5139999985694885;0.5139999985694885;0.5139999985694885;0.5139999985694885;0.5139999985694885;0.5139999985694885;0.5139999985694885;0.5090512633323669;0.5139999985694885;0.5139999985694885
;9_Eurolite_ColorSourceParDirect_8:Blue;/lighting/fixtures/9_Eurolite_ColorSourceParDirect_8;0.5050897598266602;0.5050897598266602;0.0;0.0;0.0;0.3930000066757202;0.5099999904632568;0.5099999904632568;0.5099999904632568;0.5099999904632568;0.5099999904632568;0.5099999904632568;0.5099999904632568;0.5050897598266602;0.5099999904632568;0.5099999904632568
;9_Eurolite_ColorSourceParDirect_8:Lime;/lighting/fixtures/9_Eurolite_ColorSourceParDirect_8;0.6259151697158813;0.6259151697158813;0.0;0.0;0.0;0.43700000643730164;0.6320000290870667;0.6320000290870667;0.6320000290870667;0.6320000290870667;0.6320000290870667;0.6320000290870667;0.6320000290870667;0.6259151697158813;0.6320000290870667;0.6320000290870667
;9_Eurolite_ColorSourceParDirect_8:Strobe;/lighting/fixtures/9_Eurolite_ColorSourceParDirect_8;0.0;0.0;0.0;0.0;0.0;0.0;0.0;0.0;0.0;0.0;0.0;0.0;0.0;0.0;0.0;0.0
Dimmer42;9_Eurolite_ColorSourceParDirect_9:Intensity;/lighting/fixtures/9_Eurolite_ColorSourceParDirect_9;0.0;0.0;0.0;0.0;0.0;0.0;0.0;0.0;0.0;0.0;0.0;0.0;0.0;0.0;0.49799999594688416;0.0
;9_Eurolite_ColorSourceParDirect_9:Red;/lighting/fixtures/9_Eurolite_ColorSourceParDirect_9;0.4971667528152466;0.4971667528152466;0.0;0.0;0.0;0.0;0.5019999742507935;0.5019999742507935;0.5019999742507935;0.5019999742507935;0.5019999742507935;0.5019999742507935;0.5019999742507935;0.4971667528152466;0.5019999742507935;0.5019999742507935
;9_Eurolite_ColorSourceParDirect_9:Green;/lighting/fixtures/9_Eurolite_ColorSourceParDirect_9;0.5090512633323669;0.5090512633323669;0.0;0.0;0.0;0.28299999237060547;0.5139999985694885;0.5139999985694885;0.5139999985694885;0.5139999985694885;0.5139999985694885;0.5139999985694885;0.5139999985694885;0.5090512633323669;0.5139999985694885;0.5139999985694885
;9_Eurolite_ColorSourceParDirect_9:Blue;/lighting/fixtures/9_Eurolite_ColorSourceParDirect_9;0.5050897598266602;0.5050897598266602;0.0;0.0;0.0;0.3930000066757202;0.5099999904632568;0.5099999904632568;0.5099999904632568;0.5099999904632568;0.5099999904632568;0.5099999904632568;0.5099999904632568;0.5050897598266602;0.5099999904632568;0.5099999904632568
;9_Eurolite_ColorSourceParDirect_9:Lime;/lighting/fixtures/9_Eurolite_ColorSourceParDirect_9;0.6259151697158813;0.6259151697158813;0.0;0.0;0.0;0.43700000643730164;0.6320000290870667;0.6320000290870667;0.6320000290870667;0.6320000290870667;0.6320000290870667;0.6320000290870667;0.6320000290870667;0.6259151697158813;0.6320000290870667;0.6320000290870667
;9_Eurolite_ColorSourceParDirect_9:Strobe;/lighting/fixtures/9_Eurolite_ColorSourceParDirect_9;0.0;0.0;0.0;0.0;0.0;0.0;0.0;0.0;0.0;0.0;0.0;0.0;0.0;0.0;0.0;0.0
Dimmer43;9_Eurolite_ColorSourceParDirect_10:Intensity;/lighting/fixtures/9_Eurolite_ColorSourceParDirect_10;0.0;0.0;0.0;0.0;0.0;0.0;0.0;0.0;0.0;0.0;0.0;0.0;0.0;0.0;0.0;0.0
;9_Eurolite_ColorSourceParDirect_10:Red;/lighting/fixtures/9_Eurolite_ColorSourceParDirect_10;0.4971667528152466;0.4971667528152466;0.0;0.0;0.0;0.0;0.5019999742507935;0.5019999742507935;0.5019999742507935;0.5019999742507935;0.5019999742507935;0.5019999742507935;0.5019999742507935;0.4971667528152466;0.5019999742507935;0.5019999742507935
;9_Eurolite_ColorSourceParDirect_10:Green;/lighting/fixtures/9_Eurolite_ColorSourceParDirect_10;0.5090512633323669;0.5090512633323669;0.0;0.0;0.0;0.28299999237060547;0.5139999985694885;0.5139999985694885;0.5139999985694885;0.5139999985694885;0.5139999985694885;0.5139999985694885;0.5139999985694885;0.5090512633323669;0.5139999985694885;0.5139999985694885
;9_Eurolite_ColorSourceParDirect_10:Blue;/lighting/fixtures/9_Eurolite_ColorSourceParDirect_10;0.5050897598266602;0.5050897598266602;0.0;0.0;0.0;0.3930000066757202;0.5099999904632568;0.5099999904632568;0.5099999904632568;0.5099999904632568;0.5099999904632568;0.5099999904632568;0.5099999904632568;0.5050897598266602;0.5099999904632568;0.5099999904632568
;9_Eurolite_ColorSourceParDirect_10:Lime;/lighting/fixtures/9_Eurolite_ColorSourceParDirect_10;0.6259151697158813;0.6259151697158813;0.0;0.0;0.0;0.43700000643730164;0.6320000290870667;0.6320000290870667;0.6320000290870667;0.6320000290870667;0.6320000290870667;0.6320000290870667;0.6320000290870667;0.6259151697158813;0.6320000290870667;0.6320000290870667
;9_Eurolite_ColorSourceParDirect_10:Strobe;/lighting/fixtures/9_Eurolite_ColorSourceParDirect_10;0.0;0.0;0.0;0.0;0.0;0.0;0.0;0.0;0.0;0.0;0.0;0.0;0.0;0.0;0.0;0.0
Dimmer44;9_Eurolite_ColorSourceParDirect_11:Intensity;/lighting/fixtures/9_Eurolite_ColorSourceParDirect_11;0.0;0.0;0.0;0.0;0.0;0.0;0.0;0.0;0.0;0.0;0.0;0.0;0.0;0.0;0.0;0.0
;9_Eurolite_ColorSourceParDirect_11:Red;/lighting/fixtures/9_Eurolite_ColorSourceParDirect_11;0.4971667528152466;0.4971667528152466;0.0;0.0;0.0;0.0;0.5019999742507935;0.5019999742507935;0.5019999742507935;0.5019999742507935;0.5019999742507935;0.5019999742507935;0.5019999742507935;0.4971667528152466;0.5019999742507935;0.5019999742507935
;9_Eurolite_ColorSourceParDirect_11:Green;/lighting/fixtures/9_Eurolite_ColorSourceParDirect_11;0.513012707233429;0.513012707233429;0.0;0.0;0.0;0.28299999237060547;0.5180000066757202;0.5180000066757202;0.5180000066757202;0.5180000066757202;0.5180000066757202;0.5180000066757202;0.5180000066757202;0.513012707233429;0.5180000066757202;0.5180000066757202
;9_Eurolite_ColorSourceParDirect_11:Blue;/lighting/fixtures/9_Eurolite_ColorSourceParDirect_11;0.5050897598266602;0.5050897598266602;0.0;0.0;0.0;0.3930000066757202;0.5099999904632568;0.5099999904632568;0.5099999904632568;0.5099999904632568;0.5099999904632568;0.5099999904632568;0.5099999904632568;0.5050897598266602;0.5099999904632568;0.5099999904632568
;9_Eurolite_ColorSourceParDirect_11:Lime;/lighting/fixtures/9_Eurolite_ColorSourceParDirect_11;0.6259151697158813;0.6259151697158813;0.0;0.0;0.0;0.43700000643730164;0.6320000290870667;0.6320000290870667;0.6320000290870667;0.6320000290870667;0.6320000290870667;0.6320000290870667;0.6320000290870667;0.6259151697158813;0.6320000290870667;0.6320000290870667
;9_Eurolite_ColorSourceParDirect_11:Strobe;/lighting/fixtures/9_Eurolite_ColorSourceParDirect_11;0.0;0.0;0.0;0.0;0.0;0.0;0.0;0.0;0.0;0.0;0.0;0.0;0.0;0.0;0.0;0.0
Dimmer45;9_Eurolite_ColorSourceParDirect_12:Intensity;/lighting/fixtures/9_Eurolite_ColorSourceParDirect_12;0.0;0.0;0.0;0.0;0.0;0.0;0.0;0.0;0.0;0.0;0.0;0.0;0.0;0.0;0.0;0.0
;9_Eurolite_ColorSourceParDirect_12:Red;/lighting/fixtures/9_Eurolite_ColorSourceParDirect_12;0.4971667528152466;0.4971667528152466;0.0;0.0;0.0;0.0;0.5019999742507935;0.5019999742507935;0.5019999742507935;0.5019999742507935;0.5019999742507935;0.5019999742507935;0.5019999742507935;0.4971667528152466;0.5019999742507935;0.5019999742507935
;9_Eurolite_ColorSourceParDirect_12:Green;/lighting/fixtures/9_Eurolite_ColorSourceParDirect_12;0.5090512633323669;0.5090512633323669;0.0;0.0;0.0;0.28299999237060547;0.5139999985694885;0.5139999985694885;0.5139999985694885;0.5139999985694885;0.5139999985694885;0.5139999985694885;0.5139999985694885;0.5090512633323669;0.5139999985694885;0.5139999985694885
;9_Eurolite_ColorSourceParDirect_12:Blue;/lighting/fixtures/9_Eurolite_ColorSourceParDirect_12;0.5050897598266602;0.5050897598266602;0.0;0.0;0.0;0.3930000066757202;0.5099999904632568;0.5099999904632568;0.5099999904632568;0.5099999904632568;0.5099999904632568;0.5099999904632568;0.5099999904632568;0.5050897598266602;0.5099999904632568;0.5099999904632568
;9_Eurolite_ColorSourceParDirect_12:Lime;/lighting/fixtures/9_Eurolite_ColorSourceParDirect_12;0.6259151697158813;0.6259151697158813;0.0;0.0;0.0;0.43700000643730164;0.6320000290870667;0.6320000290870667;0.6320000290870667;0.6320000290870667;0.6320000290870667;0.6320000290870667;0.6320000290870667;0.6259151697158813;0.6320000290870667;0.6320000290870667
;9_Eurolite_ColorSourceParDirect_12:Strobe;/lighting/fixtures/9_Eurolite_ColorSourceParDirect_12;0.0;0.0;0.0;0.0;0.0;0.0;0.0;0.0;0.0;0.0;0.0;0.0;0.0;0.0;0.0;0.0
Dimmer46;10_Eurolite_ColorSourceCYCDirect_1:Intensity;/lighting/fixtures/10_Eurolite_ColorSourceCYCDirect_1;0.7289999723434448;0.0;0.0;0.0;0.0;0.0;0.0;0.0;0.0;0.0;0.0;0.0;0.0;0.0;0.0;0.0
;10_Eurolite_ColorSourceCYCDirect_1:Red;/lighting/fixtures/10_Eurolite_ColorSourceCYCDirect_1;0.29600000381469727;0.29600000381469727;0.0;0.0;0.0;0.0;0.0;0.0;0.0;0.0;0.0;0.0;0.0;0.0;0.0;0.0
;10_Eurolite_ColorSourceCYCDirect_1:Green;/lighting/fixtures/10_Eurolite_ColorSourceCYCDirect_1;1.0;1.0;0.0;0.0;0.0;0.0;1.0;1.0;1.0;1.0;1.0;1.0;1.0;0.9903720617294312;1.0;1.0
;10_Eurolite_ColorSourceCYCDirect_1:Blue;/lighting/fixtures/10_Eurolite_ColorSourceCYCDirect_1;1.0;1.0;0.0;0.5180000066757202;0.5180000066757202;0.5180000066757202;0.0;0.0;0.0;0.0;0.0;0.0;0.0;0.0;0.0;0.0
;10_Eurolite_ColorSourceCYCDirect_1:Indigo;/lighting/fixtures/10_Eurolite_ColorSourceCYCDirect_1;0.28700000047683716;0.28700000047683716;0.0;0.0;0.0;0.4819999933242798;0.0;0.0;0.0;0.0;0.0;0.0;0.0;0.0;0.0;0.0
;10_Eurolite_ColorSourceCYCDirect_1:Lime;/lighting/fixtures/10_Eurolite_ColorSourceCYCDirect_1;0.2669999897480011;0.2669999897480011;0.0;0.0;0.0;0.42100000381469727;0.0;0.0;0.0;0.0;0.0;0.0;0.0;0.0;0.0;0.0
;10_Eurolite_ColorSourceCYCDirect_1:Strobe;/lighting/fixtures/10_Eurolite_ColorSourceCYCDirect_1;0.0;0.0;0.0;0.0;0.0;0.0;0.0;0.0;0.0;0.0;0.0;0.0;0.0;0.0;0.0;0.0
Dimmer47;10_Eurolite_ColorSourceCYCDirect_2:Intensity;/lighting/fixtures/10_Eurolite_ColorSourceCYCDirect_2;0.7289999723434448;0.7770000100135803;0.0;0.0;0.0;0.5220000147819519;0.0;0.0;0.0;1.0;1.0;0.0;0.0;0.0;0.0;0.0
;10_Eurolite_ColorSourceCYCDirect_2:Red;/lighting/fixtures/10_Eurolite_ColorSourceCYCDirect_2;0.29600000381469727;0.4740000069141388;0.0;0.0;0.0;0.1420000046491623;0.0;0.0;0.0;1.0;1.0;1.0;1.0;0.0;0.0;1.0
;10_Eurolite_ColorSourceCYCDirect_2:Green;/lighting/fixtures/10_Eurolite_ColorSourceCYCDirect_2;1.0;1.0;0.0;0.0;0.0;0.3319999873638153;1.0;1.0;1.0;0.5139999985694885;0.5139999985694885;0.5139999985694885;0.5139999985694885;0.9903720617294312;1.0;0.5139999985694885
;10_Eurolite_ColorSourceCYCDirect_2:Blue;/lighting/fixtures/10_Eurolite_ColorSourceCYCDirect_2;1.0;1.0;0.0;0.0;0.0;1.0;0.0;0.0;0.0;0.1420000046491623;0.1420000046491623;0.1420000046491623;0.1420000046491623;0.0;0.0;0.1420000046491623
;10_Eurolite_ColorSourceCYCDirect_2:Indigo;/lighting/fixtures/10_Eurolite_ColorSourceCYCDirect_2;0.28700000047683716;0.3880000114440918;0.0;0.0;0.0;0.6029999852180481;0.0;0.0;0.0;0.1860000044107437;0.1860000044107437;0.1860000044107437;0.1860000044107437;0.0;0.0;0.1860000044107437
;10_Eurolite_ColorSourceCYCDirect_2:Lime;/lighting/fixtures/10_Eurolite_ColorSourceCYCDirect_2;0.2669999897480011;0.6069999933242798;0.0;0.0;0.0;0.3479999899864197;0.0;0.0;0.0;1.0;1.0;1.0;1.0;0.0;0.0;1.0
;10_Eurolite_ColorSourceCYCDirect_2:Strobe;/lighting/fixtures/10_Eurolite_ColorSourceCYCDirect_2;0.0;0.0;0.0;0.0;0.0;0.0;0.0;0.0;0.0;0.0;0.0;0.0;0.0;0.0;0.0;0.0
;11_ClayPaky_StormyCCStandard_1:Red;/lighting/fixtures/11_ClayPaky_StormyCCStandard_1;0.9903720617294312;0.9903720617294312;0.0;0.0;0.0;0.0;1.0;1.0;1.0;1.0;1.0;1.0;1.0;0.9903720617294312;1.0;1.0
;11_ClayPaky_StormyCCStandard_1:Green;/lighting/fixtures/11_ClayPaky_StormyCCStandard_1;0.9903720617294312;0.9903720617294312;0.0;0.0;0.0;0.0;1.0;1.0;1.0;1.0;1.0;1.0;1.0;0.9903720617294312;1.0;1.0
;11_ClayPaky_StormyCCStandard_1:Blue;/lighting/fixtures/11_ClayPaky_StormyCCStandard_1;0.9903720617294312;0.9903720617294312;0.0;0.0;0.0;0.0;1.0;1.0;1.0;1.0;1.0;1.0;1.0;0.9903720617294312;1.0;1.0
;11_ClayPaky_StormyCCStandard_1:White;/lighting/fixtures/11_ClayPaky_StormyCCStandard_1;0.9903720617294312;0.9903720617294312;0.0;0.0;0.0;0.0;1.0;1.0;1.0;1.0;1.0;1.0;1.0;0.9903720617294312;1.0;1.0
Dimmer48;11_ClayPaky_StormyCCStandard_1:Intensity;/lighting/fixtures/11_ClayPaky_StormyCCStandard_1;0.0;0.0;0.0;0.0;0.0;0.0;0.0;0.0;0.0;0.0;0.0;0.0;0.0;0.0;0.0;0.0
;11_ClayPaky_StormyCCStandard_1:Strobedur;/lighting/fixtures/11_ClayPaky_StormyCCStandard_1;0.0;0.0;0.0;0.0;0.0;0.0;0.0;0.0;0.0;0.0;0.0;0.0;0.0;0.0;0.0;0.0
;11_ClayPaky_StormyCCStandard_1:Strobe;/lighting/fixtures/11_ClayPaky_StormyCCStandard_1;0.0;0.0;0.0;0.0;0.0;0.0;0.0;0.0;0.0;0.0;0.0;0.0;0.0;0.0;0.0;0.0
;11_ClayPaky_StormyCCStandard_2:Red;/lighting/fixtures/11_ClayPaky_StormyCCStandard_2;0.9903720617294312;0.9903720617294312;0.0;0.0;0.0;0.0;1.0;1.0;1.0;1.0;1.0;1.0;1.0;0.9903720617294312;1.0;1.0
;11_ClayPaky_StormyCCStandard_2:Green;/lighting/fixtures/11_ClayPaky_StormyCCStandard_2;0.9903720617294312;0.9903720617294312;0.0;0.0;0.0;0.0;1.0;1.0;1.0;1.0;1.0;1.0;1.0;0.9903720617294312;1.0;1.0
;11_ClayPaky_StormyCCStandard_2:Blue;/lighting/fixtures/11_ClayPaky_StormyCCStandard_2;0.9903720617294312;0.9903720617294312;0.0;0.0;0.0;0.0;1.0;1.0;1.0;1.0;1.0;1.0;1.0;0.9903720617294312;1.0;1.0
;11_ClayPaky_StormyCCStandard_2:White;/lighting/fixtures/11_ClayPaky_StormyCCStandard_2;0.9903720617294312;0.9903720617294312;0.0;0.0;0.0;0.0;1.0;1.0;1.0;1.0;1.0;1.0;1.0;0.9903720617294312;1.0;1.0
Dimmer49;11_ClayPaky_StormyCCStandard_2:Intensity;/lighting/fixtures/11_ClayPaky_StormyCCStandard_2;0.0;0.0;0.0;0.0;0.0;0.0;0.0;0.0;0.0;0.0;0.0;0.0;0.0;0.0;0.0;0.0
;11_ClayPaky_StormyCCStandard_2:Strobedur;/lighting/fixtures/11_ClayPaky_StormyCCStandard_2;0.0;0.0;0.0;0.0;0.0;0.0;0.0;0.0;0.0;0.0;0.0;0.0;0.0;0.0;0.0;0.0
;11_ClayPaky_StormyCCStandard_2:Strobe;/lighting/fixtures/11_ClayPaky_StormyCCStandard_2;0.0;0.0;0.0;0.0;0.0;0.0;0.0;0.0;0.0;0.0;0.0;0.0;0.0;0.0;0.0;0.0
;15_Cameo_Root_par_1:Cw;/lighting/fixtures/15_Cameo_Root_par_1;0.9903720617294312;0.9903720617294312;1.0;1.0;1.0;1.0;1.0;1.0;1.0;1.0;1.0;1.0;1.0;0.9903720617294312;1.0;1.0
;15_Cameo_Root_par_1:Ww;/lighting/fixtures/15_Cameo_Root_par_1;0.0;0.0;0.0;0.0;0.0;0.0;0.0;0.0;0.0;0.0;0.0;0.0;0.0;0.0;0.0;0.0
Dimmer50;15_Cameo_Root_par_1:Dimmer;/lighting/fixtures/15_Cameo_Root_par_1;0.0;0.0;0.0;0.0;0.0;0.0;0.0;0.0;0.0;0.0;0.0;0.0;0.0;0.0;0.0;0.0
